Date,Exercise,Type,Exercise Calories,Exercise Minutes,Sets,Reps Per Set,Pounds,Steps,Note
2025-06-02,"""Bicycling, 10-12 mph, light (cycling, biking, bike riding)""",Cardio,103.0,9,,,,,
2025-06-02,"""Bicycling, <10 mph, leisure (cycling, biking, bike riding)""",Cardio,141.0,12,,,,,
2025-06-02,"""Bicycling, <10 mph, leisure (cycling, biking, bike riding)""",Cardio,502.0,35,,,,,
2025-06-03,"""Bicycling, <10 mph, leisure (cycling, biking, bike riding)""",Cardio,588.0,46,,,,,
2025-06-04,"""Bicycling, <10 mph, leisure (cycling, biking, bike riding)""",Cardio,135.0,14,,,,,
2025-06-05,"""Aerobics, general""",Cardio,443.0,46,,,,,
2025-06-09,"""Bicycling, 10-12 mph, light (cycling, biking, bike riding)""",Cardio,123.0,11,,,,,
2025-06-10,"""Bicycling, <10 mph, leisure (cycling, biking, bike riding)""",Cardio,169.0,16,,,,,
2025-06-11,"""Bicycling, 10-12 mph, light (cycling, biking, bike riding)""",Cardio,98.0,11,,,,,
2025-06-11,"""Bicycling, <10 mph, leisure (cycling, biking, bike riding)""",Cardio,149.0,15,,,,,
2025-06-13,"""Aerobics, general""",Cardio,492.0,44,,,,,
2025-06-15,"""Aerobics, general""",Cardio,539.0,49,,,,,
2025-06-16,"""Bicycling, 10-12 mph, light (cycling, biking, bike riding)""",Cardio,115.0,12,,,,,
2025-06-16,"""Bicycling, <10 mph, leisure (cycling, biking, bike riding)""",Cardio,147.0,14,,,,,
2025-06-16,"""Bicycling, <10 mph, leisure (cycling, biking, bike riding)""",Cardio,433.0,35,,,,,
2025-06-17,"""Bicycling, <10 mph, leisure (cycling, biking, bike riding)""",Cardio,127.0,13,,,,,
2025-06-17,"""Bicycling, <10 mph, leisure (cycling, biking, bike riding)""",Cardio,458.0,36,,,,,
2025-06-17,"""Bicycling, <10 mph, leisure (cycling, biking, bike riding)""",Cardio,129.0,12,,,,,
2025-06-18,"""Aerobics, general""",Cardio,446.0,44,,,,,
2025-06-19,"""Bicycling, 10-12 mph, light (cycling, biking, bike riding)""",Cardio,119.0,12,,,,,
2025-06-19,"""Bicycling, <10 mph, leisure (cycling, biking, bike riding)""",Cardio,122.0,12,,,,,
2025-06-19,"""Bicycling, <10 mph, leisure (cycling, biking, bike riding)""",Cardio,468.0,35,,,,,
2025-06-20,"""Aerobics, general""",Cardio,520.0,45,,,,,
2025-06-22,"""Aerobics, general""",Cardio,482.0,46,,,,,
2025-06-23,"""Bicycling, <10 mph, leisure (cycling, biking, bike riding)""",Cardio,442.0,35,,,,,
2025-06-23,"""Bicycling, <10 mph, leisure (cycling, biking, bike riding)""",Cardio,117.0,12,,,,,
2025-06-24,"""Bicycling, <10 mph, leisure (cycling, biking, bike riding)""",Cardio,457.0,35,,,,,
2025-06-24,"""Bicycling, <10 mph, leisure (cycling, biking, bike riding)""",Cardio,125.0,13,,,,,
2025-06-25,"""Bicycling, <10 mph, leisure (cycling, biking, bike riding)""",Cardio,213.0,17,,,,,
2025-06-25,"""Bicycling, <10 mph, leisure (cycling, biking, bike riding)""",Cardio,460.0,35,,,,,
2025-06-27,"""Aerobics, general""",Cardio,527.0,46,,,,,
2025-06-29,"""Aerobics, general""",Cardio,572.0,51,,,,,
2025-06-30,"""Bicycling, <10 mph, leisure (cycling, biking, bike riding)""",Cardio,146.0,14,,,,,
2025-06-30,"""Bicycling, <10 mph, leisure (cycling, biking, bike riding)""",Cardio,500.0,35,,,,,
2025-06-30,"""Bicycling, <10 mph, leisure (cycling, biking, bike riding)""",Cardio,117.0,13,,,,,
2025-07-01,"""Bicycling, 10-12 mph, light (cycling, biking, bike riding)""",Cardio,120.0,11,,,,,
2025-07-01,"""Bicycling, 10-12 mph, light (cycling, biking, bike riding)""",Cardio,112.0,11,,,,,
2025-07-01,"""Bicycling, <10 mph, leisure (cycling, biking, bike riding)""",Cardio,488.0,35,,,,,
2025-07-02,"""Aerobics, general""",Cardio,479.0,44,,,,,
2025-07-06,"""Aerobics, general""",Cardio,515.0,44,,,,,
2025-07-07,"""Bicycling, 10-12 mph, light (cycling, biking, bike riding)""",Cardio,146.0,11,,,,,
2025-07-07,"""Bicycling, 10-12 mph, light (cycling, biking, bike riding)""",Cardio,135.0,12,,,,,
2025-07-07,"""Bicycling, <10 mph, leisure (cycling, biking, bike riding)""",Cardio,551.0,42,,,,,
2025-07-08,"""Bicycling, 10-12 mph, light (cycling, biking, bike riding)""",Cardio,117.0,12,,,,,
2025-07-08,"""Bicycling, <10 mph, leisure (cycling, biking, bike riding)""",Cardio,178.0,19,,,,,
2025-07-08,"""Bicycling, <10 mph, leisure (cycling, biking, bike riding)""",Cardio,438.0,35,,,,,
2025-07-09,"""Bicycling, 10-12 mph, light (cycling, biking, bike riding)""",Cardio,111.0,11,,,,,
2025-07-09,"""Bicycling, <10 mph, leisure (cycling, biking, bike riding)""",Cardio,165.0,17,,,,,
2025-07-09,"""Bicycling, <10 mph, leisure (cycling, biking, bike riding)""",Cardio,443.0,35,,,,,
2025-07-10,"""Aerobics, general""",Cardio,512.0,49,,,,,
2025-07-11,"""Aerobics, general""",Cardio,480.0,54,,,,,
2025-07-21,"""Bicycling, 12-14 mph, moderate (cycling, biking, bike riding)""",Cardio,127.0,10,,,,,
2025-07-21,"""Bicycling, <10 mph, leisure (cycling, biking, bike riding)""",Cardio,722.0,53,,,,,
2025-07-21,"""Bicycling, <10 mph, leisure (cycling, biking, bike riding)""",Cardio,150.0,15,,,,,
2025-07-22,"""Bicycling, 12-14 mph, moderate (cycling, biking, bike riding)""",Cardio,125.0,9,,,,,
2025-07-22,"""Bicycling, <10 mph, leisure (cycling, biking, bike riding)""",Cardio,514.0,36,,,,,
2025-07-23,"""Bicycling, 10-12 mph, light (cycling, biking, bike riding)""",Cardio,131.0,11,,,,,
2025-07-23,"""Bicycling, <10 mph, leisure (cycling, biking, bike riding)""",Cardio,479.0,36,,,,,
2025-07-24,"""Aerobics, general""",Cardio,546.0,49,,,,,
2025-07-26,"""Aerobics, general""",Cardio,537.0,50,,,,,
2025-07-28,"""Bicycling, 10-12 mph, light (cycling, biking, bike riding)""",Cardio,125.0,12,,,,,
2025-07-28,"""Bicycling, 12-14 mph, moderate (cycling, biking, bike riding)""",Cardio,92.0,9,,,,,
2025-07-28,"""Bicycling, <10 mph, leisure (cycling, biking, bike riding)""",Cardio,419.0,35,,,,,
2025-07-29,"""Aerobics, general""",Cardio,177.0,16,,,,,
2025-07-29,"""Bicycling, 10-12 mph, light (cycling, biking, bike riding)""",Cardio,116.0,12,,,,,
2025-07-29,"""Bicycling, <10 mph, leisure (cycling, biking, bike riding)""",Cardio,350.0,36,,,,,
2025-07-29,"""Bicycling, <10 mph, leisure (cycling, biking, bike riding)""",Cardio,101.0,13,,,,,
2025-07-30,"""Bicycling, <10 mph, leisure (cycling, biking, bike riding)""",Cardio,146.0,13,,,,,
2025-07-30,"""Bicycling, <10 mph, leisure (cycling, biking, bike riding)""",Cardio,432.0,36,,,,,
2025-07-30,"""Bicycling, <10 mph, leisure (cycling, biking, bike riding)""",Cardio,125.0,12,,,,,
2025-08-01,"""Aerobics, general""",Cardio,566.0,48,,,,,
2025-08-02,"""Aerobics, general""",Cardio,524.0,41,,,,,
2025-08-04,"""Bicycling, 10-12 mph, light (cycling, biking, bike riding)""",Cardio,114.0,11,,,,,
2025-08-04,"""Bicycling, 12-14 mph, moderate (cycling, biking, bike riding)""",Cardio,120.0,11,,,,,
2025-08-04,"""Bicycling, <10 mph, leisure (cycling, biking, bike riding)""",Cardio,505.0,40,,,,,
2025-08-05,"""Bicycling, 10-12 mph, light (cycling, biking, bike riding)""",Cardio,102.0,12,,,,,
2025-08-05,"""Bicycling, 12-14 mph, moderate (cycling, biking, bike riding)""",Cardio,104.0,10,,,,,
2025-08-05,"""Bicycling, <10 mph, leisure (cycling, biking, bike riding)""",Cardio,410.0,35,,,,,
2025-08-06,"""Bicycling, 10-12 mph, light (cycling, biking, bike riding)""",Cardio,95.0,10,,,,,
2025-08-06,"""Bicycling, <10 mph, leisure (cycling, biking, bike riding)""",Cardio,183.0,17,,,,,
2025-08-06,"""Bicycling, <10 mph, leisure (cycling, biking, bike riding)""",Cardio,463.0,35,,,,,
2025-08-07,"""Aerobics, general""",Cardio,456.0,45,,,,,
2025-08-10,"""Aerobics, general""",Cardio,497.0,48,,,,,
2025-08-11,"""Bicycling, 10-12 mph, light (cycling, biking, bike riding)""",Cardio,132.0,11,,,,,
2025-08-11,"""Bicycling, 10-12 mph, light (cycling, biking, bike riding)""",Cardio,121.0,11,,,,,
2025-08-11,"""Bicycling, <10 mph, leisure (cycling, biking, bike riding)""",Cardio,351.0,35,,,,,
2025-08-12,"""Aerobics, general""",Cardio,543.0,42,,,,,
2025-08-14,"""Bicycling, 10-12 mph, light (cycling, biking, bike riding)""",Cardio,120.0,11,,,,,
2025-08-14,"""Bicycling, 14-16 mph, vigorous (cycling, biking, bike riding)""",Cardio,104.0,9,,,,,
2025-08-14,"""Bicycling, <10 mph, leisure (cycling, biking, bike riding)""",Cardio,429.0,35,,,,,
2025-08-17,"""Aerobics, general""",Cardio,543.0,49,,,,,
2025-08-19,"""Bicycling, <10 mph, leisure (cycling, biking, bike riding)""",Cardio,384.0,37,,,,,
2025-08-20,"""Bicycling, <10 mph, leisure (cycling, biking, bike riding)""",Cardio,403.0,35,,,,,
2025-08-23,"""Aerobics, general""",Cardio,557.0,50,,,,,
2025-08-25,"""Bicycling, 10-12 mph, light (cycling, biking, bike riding)""",Cardio,112.0,11,,,,,
2025-08-25,"""Bicycling, <10 mph, leisure (cycling, biking, bike riding)""",Cardio,475.0,35,,,,,
2025-08-25,"""Bicycling, <10 mph, leisure (cycling, biking, bike riding)""",Cardio,152.0,14,,,,,
2025-08-26,"""Bicycling, 12-14 mph, moderate (cycling, biking, bike riding)""",Cardio,102.0,10,,,,,
2025-08-26,"""Bicycling, <10 mph, leisure (cycling, biking, bike riding)""",Cardio,180.0,20,,,,,
2025-08-26,"""Bicycling, <10 mph, leisure (cycling, biking, bike riding)""",Cardio,571.0,41,,,,,
2025-08-27,"""Aerobics, general""",Cardio,459.0,49,,,,,
2025-08-31,"""Aerobics, general""",Cardio,526.0,43,,,,,
2025-09-02,"""Bicycling, 10-12 mph, light (cycling, biking, bike riding)""",Cardio,110.0,10,,,,,
2025-09-02,"""Bicycling, 10-12 mph, light (cycling, biking, bike riding)""",Cardio,119.0,10,,,,,
2025-09-02,"""Bicycling, <10 mph, leisure (cycling, biking, bike riding)""",Cardio,489.0,40,,,,,
2025-09-03,"""Aerobics, general""",Cardio,561.0,44,,,,,
2025-09-04,"""Bicycling, 10-12 mph, light (cycling, biking, bike riding)""",Cardio,127.0,11,,,,,
2025-09-04,"""Bicycling, 12-14 mph, moderate (cycling, biking, bike riding)""",Cardio,121.0,10,,,,,
2025-09-04,"""Bicycling, <10 mph, leisure (cycling, biking, bike riding)""",Cardio,502.0,35,,,,,
2025-09-04,"""Running (jogging), 5.2 mph (11.5 min mile)""",Cardio,77.0,5,,,,,
2025-09-05,"""Bicycling, 10-12 mph, light (cycling, biking, bike riding)""",Cardio,125.0,11,,,,,
2025-09-05,"""Bicycling, 12-14 mph, moderate (cycling, biking, bike riding)""",Cardio,136.0,10,,,,,
2025-09-05,"""Bicycling, <10 mph, leisure (cycling, biking, bike riding)""",Cardio,477.0,35,,,,,
2025-09-06,"""Aerobics, general""",Cardio,479.0,46,,,,,
2025-09-08,"""Bicycling, <10 mph, leisure (cycling, biking, bike riding)""",Cardio,200.0,21,,,,,
2025-09-08,"""Bicycling, <10 mph, leisure (cycling, biking, bike riding)""",Cardio,486.0,35,,,,,
2025-09-08,"""Bicycling, <10 mph, leisure (cycling, biking, bike riding)""",Cardio,146.0,13,,,,,
2025-09-09,"""Bicycling, 10-12 mph, light (cycling, biking, bike riding)""",Cardio,134.0,11,,,,,
2025-09-09,"""Bicycling, 10-12 mph, light (cycling, biking, bike riding)""",Cardio,113.0,11,,,,,
2025-09-09,"""Bicycling, <10 mph, leisure (cycling, biking, bike riding)""",Cardio,467.0,35,,,,,
2025-09-10,"""Bicycling, 10-12 mph, light (cycling, biking, bike riding)""",Cardio,114.0,11,,,,,
2025-09-10,"""Bicycling, 10-12 mph, light (cycling, biking, bike riding)""",Cardio,109.0,11,,,,,
2025-09-10,"""Bicycling, <10 mph, leisure (cycling, biking, bike riding)""",Cardio,486.0,35,,,,,
2025-09-16,"""Bicycling, 10-12 mph, light (cycling, biking, bike riding)""",Cardio,133.0,12,,,,,
2025-09-16,"""Bicycling, <10 mph, leisure (cycling, biking, bike riding)""",Cardio,122.0,12,,,,,
2025-09-17,"""Bicycling, 10-12 mph, light (cycling, biking, bike riding)""",Cardio,102.0,11,,,,,
2025-09-17,"""Bicycling, <10 mph, leisure (cycling, biking, bike riding)""",Cardio,226.0,34,,,,,
2025-09-22,"""Bicycling, 10-12 mph, light (cycling, biking, bike riding)""",Cardio,109.0,11,,,,,
2025-09-22,"""Bicycling, <10 mph, leisure (cycling, biking, bike riding)""",Cardio,140.0,16,,,,,
2025-09-23,"""Bicycling, 10-12 mph, light (cycling, biking, bike riding)""",Cardio,125.0,11,,,,,
2025-09-23,"""Bicycling, 12-14 mph, moderate (cycling, biking, bike riding)""",Cardio,98.0,10,,,,,
2025-09-23,"""Bicycling, <10 mph, leisure (cycling, biking, bike riding)""",Cardio,413.0,35,,,,,
2025-09-24,"""Bicycling, 10-12 mph, light (cycling, biking, bike riding)""",Cardio,133.0,13,,,,,
2025-09-24,"""Bicycling, 10-12 mph, light (cycling, biking, bike riding)""",Cardio,110.0,11,,,,,
2025-09-26,"""Aerobics, general""",Cardio,432.0,38,,,,,
2025-09-27,"""Bicycling, <10 mph, leisure (cycling, biking, bike riding)""",Cardio,118.0,13,,,,,
2025-09-28,"""Aerobics, general""",Cardio,399.0,39,,,,,
2025-09-29,"""Bicycling, 12-14 mph, moderate (cycling, biking, bike riding)""",Cardio,102.0,10,,,,,
2025-09-29,"""Bicycling, <10 mph, leisure (cycling, biking, bike riding)""",Cardio,147.0,18,,,,,
2025-09-29,"""Bicycling, <10 mph, leisure (cycling, biking, bike riding)""",Cardio,518.0,40,,,,,
2025-09-30,"""Bicycling, 10-12 mph, light (cycling, biking, bike riding)""",Cardio,117.0,12,,,,,
2025-09-30,"""Bicycling, 12-14 mph, moderate (cycling, biking, bike riding)""",Cardio,104.0,10,,,,,
2025-09-30,"""Bicycling, <10 mph, leisure (cycling, biking, bike riding)""",Cardio,550.0,40,,,,,
2025-10-01,"""Bicycling, 10-12 mph, light (cycling, biking, bike riding)""",Cardio,106.0,11,,,,,
2025-10-01,"""Bicycling, 12-14 mph, moderate (cycling, biking, bike riding)""",Cardio,134.0,10,,,,,
2025-10-01,"""Bicycling, <10 mph, leisure (cycling, biking, bike riding)""",Cardio,558.0,40,,,,,
2025-10-02,"""Aerobics, general""",Cardio,431.0,42,,,,,
2025-10-03,"""Bicycling, <10 mph, leisure (cycling, biking, bike riding)""",Cardio,43.0,3,,,,,
2025-10-03,"""Bicycling, <10 mph, leisure (cycling, biking, bike riding)""",Cardio,23.0,3,,,,,
2025-10-03,"""Swimming laps, freestyle, light/moderate effort""",Cardio,335.0,34,,,,,
2025-10-04,"""Aerobics, general""",Cardio,571.0,46,,,,,
2025-10-06,"""Bicycling, 10-12 mph, light (cycling, biking, bike riding)""",Cardio,132.0,11,,,,,
2025-10-06,"""Bicycling, <10 mph, leisure (cycling, biking, bike riding)""",Cardio,153.0,16,,,,,
2025-10-06,"""Bicycling, <10 mph, leisure (cycling, biking, bike riding)""",Cardio,584.0,40,,,,,
2025-10-08,"""Bicycling, 10-12 mph, light (cycling, biking, bike riding)""",Cardio,124.0,11,,,,,
2025-10-08,"""Bicycling, 14-16 mph, vigorous (cycling, biking, bike riding)""",Cardio,98.0,10,,,,,
2025-10-08,"""Bicycling, <10 mph, leisure (cycling, biking, bike riding)""",Cardio,610.0,45,,,,,
2025-10-09,"""Aerobics, general""",Cardio,482.0,46,,,,,
2025-10-10,"""Bicycling, <10 mph, leisure (cycling, biking, bike riding)""",Cardio,74.0,5,,,,,
2025-10-10,"""Bicycling, <10 mph, leisure (cycling, biking, bike riding)""",Cardio,29.0,3,,,,,
2025-10-10,"""Swimming laps, freestyle, light/moderate effort""",Cardio,340.0,35,,,,,
2025-10-11,"""Aerobics, general""",Cardio,439.0,40,,,,,
2025-10-12,"""Aerobics, general""",Cardio,439.0,40,,,,,
2025-10-13,"""Bicycling, 14-16 mph, vigorous (cycling, biking, bike riding)""",Cardio,700.0,60,,,,,
2025-10-14,"""Bicycling, 10-12 mph, light (cycling, biking, bike riding)""",Cardio,102.0,10,,,,,
2025-10-14,"""Bicycling, <10 mph, leisure (cycling, biking, bike riding)""",Cardio,106.0,11,,,,,
2025-10-14,"""Bicycling, <10 mph, leisure (cycling, biking, bike riding)""",Cardio,488.0,36,,,,,
2025-10-15,"""Bicycling, 10-12 mph, light (cycling, biking, bike riding)""",Cardio,127.0,12,,,,,
2025-10-15,"""Bicycling, 10-12 mph, light (cycling, biking, bike riding)""",Cardio,105.0,11,,,,,
2025-10-15,"""Bicycling, <10 mph, leisure (cycling, biking, bike riding)""",Cardio,510.0,40,,,,,
2025-10-16,"""Aerobics, general""",Cardio,565.0,48,,,,,
2025-10-17,"""Swimming laps, freestyle, light/moderate effort""",Cardio,463.0,30,,,,,
2025-10-18,"""Aerobics, general""",Cardio,557.0,52,,,,,
2025-10-19,"""Aerobics, general""",Cardio,480.0,49,,,,,
2025-10-20,"""Bicycling, 10-12 mph, light (cycling, biking, bike riding)""",Cardio,116.0,11,,,,,
2025-10-20,"""Bicycling, <10 mph, leisure (cycling, biking, bike riding)""",Cardio,108.0,11,,,,,
2025-10-20,"""Bicycling, <10 mph, leisure (cycling, biking, bike riding)""",Cardio,610.0,45,,,,,
2025-10-21,"""Bicycling, 12-14 mph, moderate (cycling, biking, bike riding)""",Cardio,121.0,10,,,,,
2025-10-21,"""Bicycling, <10 mph, leisure (cycling, biking, bike riding)""",Cardio,114.0,13,,,,,
2025-10-21,"""Bicycling, <10 mph, leisure (cycling, biking, bike riding)""",Cardio,532.0,40,,,,,
2025-10-22,"""Bicycling, 10-12 mph, light (cycling, biking, bike riding)""",Cardio,103.0,11,,,,,
2025-10-22,"""Bicycling, <10 mph, leisure (cycling, biking, bike riding)""",Cardio,126.0,12,,,,,
2025-10-22,"""Bicycling, <10 mph, leisure (cycling, biking, bike riding)""",Cardio,403.0,36,,,,,
2025-10-23,"""Aerobics, general""",Cardio,467.0,52,,,,,
2025-10-24,"""Swimming laps, freestyle, light/moderate effort""",Cardio,475.0,44,,,,,
2025-10-26,"""Aerobics, general""",Cardio,603.0,50,,,,,
2025-10-26,"""Bicycling, 10-12 mph, light (cycling, biking, bike riding)""",Cardio,63.0,7,,,,,
2025-10-26,"""Bicycling, 12-14 mph, moderate (cycling, biking, bike riding)""",Cardio,56.0,6,,,,,
2025-10-27,"""Bicycling, 12-14 mph, moderate (cycling, biking, bike riding)""",Cardio,108.0,10,,,,,
2025-10-27,"""Bicycling, <10 mph, leisure (cycling, biking, bike riding)""",Cardio,109.0,13,,,,,
2025-10-27,"""Bicycling, <10 mph, leisure (cycling, biking, bike riding)""",Cardio,537.0,43,,,,,
2025-10-28,"""Bicycling, 10-12 mph, light (cycling, biking, bike riding)""",Cardio,111.0,11,,,,,
2025-10-28,"""Bicycling, 10-12 mph, light (cycling, biking, bike riding)""",Cardio,116.0,12,,,,,
2025-10-28,"""Bicycling, <10 mph, leisure (cycling, biking, bike riding)""",Cardio,495.0,42,,,,,
2025-10-29,"""Aerobics, general""",Cardio,514.0,49,,,,,
2025-10-30,"""Bicycling, 10-12 mph, light (cycling, biking, bike riding)""",Cardio,118.0,11,,,,,
2025-10-30,"""Bicycling, <10 mph, leisure (cycling, biking, bike riding)""",Cardio,122.0,12,,,,,
2025-10-30,"""Bicycling, <10 mph, leisure (cycling, biking, bike riding)""",Cardio,507.0,40,,,,,
2025-10-31,"""Swimming laps, freestyle, light/moderate effort""",Cardio,465.0,35,,,,,
2025-11-03,"""Bicycling, <10 mph, leisure (cycling, biking, bike riding)""",Cardio,159.0,18,,,,,
2025-11-03,"""Bicycling, <10 mph, leisure (cycling, biking, bike riding)""",Cardio,492.0,41,,,,,
2025-11-03,"""Bicycling, <10 mph, leisure (cycling, biking, bike riding)""",Cardio,116.0,13,,,,,
2025-11-04,"""Bicycling, 10-12 mph, light (cycling, biking, bike riding)""",Cardio,140.0,13,,,,,
2025-11-04,"""Bicycling, 12-14 mph, moderate (cycling, biking, bike riding)""",Cardio,105.0,9,,,,,
2025-11-04,"""Bicycling, <10 mph, leisure (cycling, biking, bike riding)""",Cardio,580.0,47,,,,,
2025-11-05,"""Aerobics, general""",Cardio,519.0,54,,,,,
2025-11-06,"""Bicycling, 10-12 mph, light (cycling, biking, bike riding)""",Cardio,99.0,9,,,,,
2025-11-06,"""Bicycling, 10-12 mph, light (cycling, biking, bike riding)""",Cardio,81.0,11,,,,,
2025-11-06,"""Bicycling, <10 mph, leisure (cycling, biking, bike riding)""",Cardio,526.0,42,,,,,
2025-11-07,"""Swimming laps, freestyle, light/moderate effort""",Cardio,629.0,44,,,,,
2025-11-09,"""Aerobics, general""",Cardio,553.0,54,,,,,
2025-11-10,"""Bicycling, 10-12 mph, light (cycling, biking, bike riding)""",Cardio,126.0,10,,,,,
2025-11-10,"""Bicycling, <10 mph, leisure (cycling, biking, bike riding)""",Cardio,106.0,11,,,,,
2025-11-10,"""Bicycling, <10 mph, leisure (cycling, biking, bike riding)""",Cardio,515.0,41,,,,,
2025-11-11,"""Bicycling, <10 mph, leisure (cycling, biking, bike riding)""",Cardio,119.0,12,,,,,
2025-11-11,"""Bicycling, <10 mph, leisure (cycling, biking, bike riding)""",Cardio,495.0,41,,,,,
2025-11-11,"""Bicycling, <10 mph, leisure (cycling, biking, bike riding)""",Cardio,186.0,22,,,,,
2025-11-12,"""Aerobics, general""",Cardio,498.0,53,,,,,
2025-11-13,"""Bicycling, 10-12 mph, light (cycling, biking, bike riding)""",Cardio,112.0,10,,,,,
2025-11-13,"""Bicycling, 10-12 mph, light (cycling, biking, bike riding)""",Cardio,121.0,12,,,,,
2025-11-13,"""Bicycling, <10 mph, leisure (cycling, biking, bike riding)""",Cardio,381.0,41,,,,,
2025-11-15,"""Aerobics, general""",Cardio,523.0,47,,,,,
2025-11-16,"""Swimming laps, freestyle, light/moderate effort""",Cardio,453.0,41,,,,,
2025-11-17,"""Bicycling, 10-12 mph, light (cycling, biking, bike riding)""",Cardio,122.0,10,,,,,
2025-11-17,"""Bicycling, 10-12 mph, light (cycling, biking, bike riding)""",Cardio,129.0,12,,,,,
2025-11-17,"""Bicycling, <10 mph, leisure (cycling, biking, bike riding)""",Cardio,451.0,40,,,,,
2025-11-18,"""Bicycling, 10-12 mph, light (cycling, biking, bike riding)""",Cardio,103.0,10,,,,,
2025-11-18,"""Bicycling, 12-14 mph, moderate (cycling, biking, bike riding)""",Cardio,130.0,10,,,,,
2025-11-18,"""Running (jogging), 5 mph (12 min mile)""",Cardio,507.0,41,,,,,
2025-11-19,"""Bicycling, 10-12 mph, light (cycling, biking, bike riding)""",Cardio,127.0,11,,,,,
2025-11-19,"""Bicycling, 10-12 mph, light (cycling, biking, bike riding)""",Cardio,140.0,11,,,,,
2025-11-19,"""Bicycling, <10 mph, leisure (cycling, biking, bike riding)""",Cardio,479.0,40,,,,,
2025-11-20,"""Aerobics, general""",Cardio,551.0,62,,,,,
2025-11-21,"""Swimming laps, freestyle, light/moderate effort""",Cardio,499.0,46,,,,,
2025-11-23,"""Aerobics, general""",Cardio,376.0,45,,,,,
2025-11-24,"""Bicycling, 12-14 mph, moderate (cycling, biking, bike riding)""",Cardio,114.0,10,,,,,
2025-11-24,"""Bicycling, 12-14 mph, moderate (cycling, biking, bike riding)""",Cardio,105.0,10,,,,,
2025-11-24,"""Bicycling, <10 mph, leisure (cycling, biking, bike riding)""",Cardio,455.0,40,,,,,
2025-11-25,"""Bicycling, <10 mph, leisure (cycling, biking, bike riding)""",Cardio,581.0,46,,,,,
2025-11-26,"""Bicycling, <10 mph, leisure (cycling, biking, bike riding)""",Cardio,491.0,43,,,,,
2025-11-27,"""Aerobics, general""",Cardio,557.0,52,,,,,
2025-11-29,"""Swimming laps, freestyle, light/moderate effort""",Cardio,683.0,44,,,,,
2025-11-30,"""Aerobics, general""",Cardio,558.0,55,,,,,
2025-12-01,"""Bicycling, <10 mph, leisure (cycling, biking, bike riding)""",Cardio,536.0,46,,,,,
2025-12-02,"""Bicycling, <10 mph, leisure (cycling, biking, bike riding)""",Cardio,529.0,42,,,,,
2025-12-03,"""Bicycling, <10 mph, leisure (cycling, biking, bike riding)""",Cardio,490.0,41,,,,,
2025-12-04,"""Aerobics, general""",Cardio,504.0,48,,,,,
2025-12-05,"""Swimming laps, freestyle, light/moderate effort""",Cardio,532.0,45,,,,,
2025-12-07,"""Aerobics, general""",Cardio,504.0,53,,,,,
2025-12-08,"""Bicycling, <10 mph, leisure (cycling, biking, bike riding)""",Cardio,501.0,42,,,,,
2025-12-09,"""Bicycling, <10 mph, leisure (cycling, biking, bike riding)""",Cardio,547.0,45,,,,,
2025-12-10,"""Bicycling, <10 mph, leisure (cycling, biking, bike riding)""",Cardio,462.0,41,,,,,
2025-12-11,"""Aerobics, general""",Cardio,285.0,26,,,,,
2025-12-13,"""Aerobics, general""",Cardio,552.0,54,,,,,
2025-12-15,"""Bicycling, <10 mph, leisure (cycling, biking, bike riding)""",Cardio,545.0,40,,,,,
2025-12-16,"""Aerobics, general""",Cardio,577.0,41,,,,,
2025-12-17,"""Bicycling, <10 mph, leisure (cycling, biking, bike riding)""",Cardio,400.0,40,,,,,
2025-12-18,"""Aerobics, general""",Cardio,598.0,51,,,,,
2025-12-19,"""Swimming laps, freestyle, light/moderate effort""",Cardio,537.0,42,,,,,
2025-12-22,"""Aerobics, general""",Cardio,599.0,51,,,,,
2025-12-23,"""Swimming laps, freestyle, light/moderate effort""",Cardio,569.0,42,,,,,
2025-12-26,"""Aerobics, general""",Cardio,567.0,51,,,,,
2025-12-30,"""Aerobics, general""",Cardio,618.0,51,,,,,
2025-12-31,"""Running (jogging), 5 mph (12 min mile)""",Cardio,364.0,35,,,,,
2026-01-02,"""Swimming laps, freestyle, light/moderate effort""",Cardio,580.0,43,,,,,
2026-01-04,"""Aerobics, general""",Cardio,561.0,59,,,,,
2026-01-05,"""Bicycling, <10 mph, leisure (cycling, biking, bike riding)""",Cardio,417.0,36,,,,,
2026-01-06,"""Bicycling, <10 mph, leisure (cycling, biking, bike riding)""",Cardio,465.0,41,,,,,
2026-01-07,"""Running (jogging), 5 mph (12 min mile)""",Cardio,417.0,35,,,,,
2026-01-08,"""Aerobics, general""",Cardio,632.0,48,,,,,
2026-01-09,"""Swimming laps, freestyle, light/moderate effort""",Cardio,468.0,45,,,,,
2026-01-10,"""Running (jogging), 5 mph (12 min mile)""",Cardio,481.0,40,,,,,
2026-01-11,"""Aerobics, general""",Cardio,571.0,53,,,,,
2026-01-12,"""Aerobics, general""",Cardio,430.0,36,,,,,
2026-01-13,"""Bicycling, <10 mph, leisure (cycling, biking, bike riding)""",Cardio,509.0,40,,,,,
2026-01-14,"""Aerobics, general""",Cardio,500.0,54,,,,,
2026-01-20,"""Aerobics, general""",Cardio,357.0,35,,,,,
2026-01-21,"""Aerobics, general""",Cardio,517.0,41,,,,,
2026-01-22,"""Aerobics, general""",Cardio,417.0,45,,,,,
2026-01-23,"""Swimming laps, freestyle, light/moderate effort""",Cardio,457.0,44,,,,,
2026-01-25,"""Aerobics, general""",Cardio,545.0,47,,,,,
2026-01-26,"""Bicycling, <10 mph, leisure (cycling, biking, bike riding)""",Cardio,487.0,40,,,,,
2026-01-27,"""Bicycling, <10 mph, leisure (cycling, biking, bike riding)""",Cardio,560.0,45,,,,,
2026-01-28,"""Running (jogging), 5 mph (12 min mile)""",Cardio,562.0,45,,,,,
2026-01-29,"""Aerobics, general""",Cardio,526.0,48,,,,,
2026-01-30,"""Swimming laps, freestyle, light/moderate effort""",Cardio,566.0,43,,,,,
2026-02-01,"""Aerobics, general""",Cardio,523.0,47,,,,,
2026-02-02,"""Bicycling, <10 mph, leisure (cycling, biking, bike riding)""",Cardio,489.0,45,,,,,
2026-02-03,"""Bicycling, <10 mph, leisure (cycling, biking, bike riding)""",Cardio,513.0,42,,,,,
2026-02-04,"""Bicycling, <10 mph, leisure (cycling, biking, bike riding)""",Cardio,524.0,40,,,,,
2026-02-05,"""Aerobics, general""",Cardio,601.0,59,,,,,
2026-02-06,"""Swimming laps, freestyle, light/moderate effort""",Cardio,646.0,43,,,,,
2026-02-08,"""Aerobics, general""",Cardio,547.0,56,,,,,
2026-02-09,"""Bicycling, <10 mph, leisure (cycling, biking, bike riding)""",Cardio,538.0,52,,,,,
2026-02-10,"""Running (jogging), 5.2 mph (11.5 min mile)""",Cardio,457.0,33,,,,,
2026-02-11,"""Bicycling, <10 mph, leisure (cycling, biking, bike riding)""",Cardio,504.0,46,,,,,
2026-02-12,"""Aerobics, general""",Cardio,429.0,45,,,,,
2026-02-14,"""Swimming laps, freestyle, light/moderate effort""",Cardio,553.0,41,,,,,
2026-02-15,"""Aerobics, general""",Cardio,484.0,53,,,,,
2026-02-16,"""Bicycling, <10 mph, leisure (cycling, biking, bike riding)""",Cardio,463.0,41,,,,,
2026-02-17,"""Running (jogging), 5.2 mph (11.5 min mile)""",Cardio,458.0,35,,,,,
2026-02-18,"""Aerobics, general""",Cardio,36.0,6,,,,,
2026-02-18,"""Bicycling, <10 mph, leisure (cycling, biking, bike riding)""",Cardio,436.0,41,,,,,
2026-02-19,"""Aerobics, general""",Cardio,191.0,23,,,,,
2026-02-19,"""Aerobics, general""",Cardio,299.0,30,,,,,
2026-02-20,"""Swimming laps, freestyle, light/moderate effort""",Cardio,454.0,41,,,,,
2026-02-22,"""Aerobics, general""",Cardio,464.0,54,,,,,
2026-02-23,"""Bicycling, <10 mph, leisure (cycling, biking, bike riding)""",Cardio,366.0,46,,,,,
2026-02-24,"""Bicycling, <10 mph, leisure (cycling, biking, bike riding)""",Cardio,391.0,45,,,,,
2026-02-25,"""Bicycling, <10 mph, leisure (cycling, biking, bike riding)""",Cardio,379.0,41,,,,,
2026-02-26,"""Aerobics, general""",Cardio,461.0,50,,,,,
2026-02-27,"""Swimming laps, freestyle, light/moderate effort""",Cardio,433.0,40,,,,,
2026-03-01,"""Aerobics, general""",Cardio,422.0,46,,,,,
2026-03-02,"""Bicycling, <10 mph, leisure (cycling, biking, bike riding)""",Cardio,454.0,45,,,,,
2026-03-03,"""Bicycling, <10 mph, leisure (cycling, biking, bike riding)""",Cardio,566.0,50,,,,,
2026-03-04,"""Bicycling, 10-12 mph, light (cycling, biking, bike riding)""",Cardio,95.0,12,,,,,
2026-03-04,"""Bicycling, <10 mph, leisure (cycling, biking, bike riding)""",Cardio,144.0,15,,,,,
2026-03-04,"""Bicycling, <10 mph, leisure (cycling, biking, bike riding)""",Cardio,514.0,46,,,,,
2026-03-05,"""Aerobics, general""",Cardio,362.0,41,,,,,
2026-03-09,"""Bicycling, <10 mph, leisure (cycling, biking, bike riding)""",Cardio,161.0,16,,,,,
2026-03-09,"""Bicycling, <10 mph, leisure (cycling, biking, bike riding)""",Cardio,542.0,50,,,,,
2026-03-09,"""Bicycling, <10 mph, leisure (cycling, biking, bike riding)""",Cardio,110.0,15,,,,,
2026-03-10,"""Bicycling, 10-12 mph, light (cycling, biking, bike riding)""",Cardio,114.0,11,,,,,
2026-03-10,"""Bicycling, 14-16 mph, vigorous (cycling, biking, bike riding)""",Cardio,67.0,9,,,,,
2026-03-10,"""Bicycling, <10 mph, leisure (cycling, biking, bike riding)""",Cardio,500.0,45,,,,,
2026-03-11,"""Running (jogging), 5 mph (12 min mile)""",Cardio,393.0,34,,,,,
2026-03-15,"""Aerobics, general""",Cardio,411.0,45,,,,,
2026-03-16,"""Aerobics, general""",Cardio,441.0,52,,,,,
2026-03-17,"""Bicycling, <10 mph, leisure (cycling, biking, bike riding)""",Cardio,514.0,45,,,,,
2026-03-18,"""Bicycling, <10 mph, leisure (cycling, biking, bike riding)""",Cardio,505.0,45,,,,,
2026-03-19,"""Aerobics, general""",Cardio,477.0,45,,,,,
2026-03-21,"""Swimming laps, freestyle, light/moderate effort""",Cardio,529.0,42,,,,,
2026-03-22,"""Aerobics, general""",Cardio,501.0,48,,,,,
2026-03-23,"""Bicycling, 10-12 mph, light (cycling, biking, bike riding)""",Cardio,114.0,11,,,,,
2026-03-23,"""Bicycling, 10-12 mph, light (cycling, biking, bike riding)""",Cardio,89.0,11,,,,,
2026-03-23,"""Bicycling, <10 mph, leisure (cycling, biking, bike riding)""",Cardio,541.0,45,,,,,
2026-03-24,"""Bicycling, 10-12 mph, light (cycling, biking, bike riding)""",Cardio,119.0,12,,,,,
2026-03-24,"""Bicycling, 12-14 mph, moderate (cycling, biking, bike riding)""",Cardio,92.0,9,,,,,
2026-03-24,"""Running (jogging), 5.2 mph (11.5 min mile)""",Cardio,474.0,35,,,,,
2026-03-25,"""Bicycling, 10-12 mph, light (cycling, biking, bike riding)""",Cardio,106.0,12,,,,,
2026-03-25,"""Bicycling, <10 mph, leisure (cycling, biking, bike riding)""",Cardio,117.0,12,,,,,
2026-03-25,"""Bicycling, <10 mph, leisure (cycling, biking, bike riding)""",Cardio,495.0,48,,,,,
2026-03-26,"""Aerobics, general""",Cardio,452.0,45,,,,,
2026-03-27,"""Swimming laps, freestyle, light/moderate effort""",Cardio,526.0,41,,,,,
2026-03-29,"""Aerobics, general""",Cardio,449.0,47,,,,,
2026-03-30,"""Bicycling, 12-14 mph, moderate (cycling, biking, bike riding)""",Cardio,78.0,10,,,,,
2026-03-30,"""Bicycling, <10 mph, leisure (cycling, biking, bike riding)""",Cardio,129.0,14,,,,,
2026-03-30,"""Bicycling, <10 mph, leisure (cycling, biking, bike riding)""",Cardio,500.0,46,,,,,
2026-03-31,"""Bicycling, 10-12 mph, light (cycling, biking, bike riding)""",Cardio,76.0,10,,,,,
2026-03-31,"""Bicycling, <10 mph, leisure (cycling, biking, bike riding)""",Cardio,114.0,13,,,,,
2026-03-31,"""Running (jogging), 5 mph (12 min mile)""",Cardio,445.0,36,,,,,
2026-04-01,"""Bicycling, 10-12 mph, light (cycling, biking, bike riding)""",Cardio,101.0,11,,,,,
2026-04-01,"""Bicycling, 10-12 mph, light (cycling, biking, bike riding)""",Cardio,103.0,13,,,,,
2026-04-01,"""Bicycling, <10 mph, leisure (cycling, biking, bike riding)""",Cardio,353.0,38,,,,,
2026-04-02,"""Aerobics, general""",Cardio,184.0,31,,,,,
2026-04-03,"""Swimming laps, freestyle, light/moderate effort""",Cardio,550.0,40,,,,,
2026-04-05,"""Aerobics, general""",Cardio,526.0,53,,,,,
