Date,Meal,Calories,Fat (g),Saturated Fat,Polyunsaturated Fat,Monounsaturated Fat,Trans Fat,Cholesterol,Sodium (mg),Potassium,Carbohydrates (g),Fiber,Sugar,Protein (g),Vitamin A,Vitamin C,Calcium,Iron,Note
2025-09-03,Breakfast,406.0,17.4,3.0,1.5,12.0,0.0,6.0,495.0,765.0,38.2,3.0,11.2,27.8,0.0,0.0,56.0,12.0,
2025-09-03,Dinner,707.5,37.3,9.3,6.0,2.5,0.0,90.0,1327.5,812.3,58.5,7.3,15.5,37.5,0.0,0.0,35.4,24.7,
2025-09-03,Lunch,684.5,24.0,4.1,10.6,7.9,0.0,46.0,287.0,1445.2,69.7,9.7,50.1,54.2,0.0,38.9,64.8,21.5,
2025-09-03,Snacks,369.6,6.2,3.0,1.0,0.0,0.0,90.0,586.5,1184.0,25.8,3.0,20.6,55.3,0.0,0.0,25.7,1.1,
2025-09-04,Breakfast,418.0,17.0,3.0,1.5,12.0,0.0,6.0,507.0,789.0,46.6,3.0,18.4,21.8,12.0,12.0,44.0,12.0,
2025-09-04,Dinner,460.8,7.6,2.5,0.3,0.1,0.0,82.5,714.1,477.3,59.6,6.0,8.1,42.4,0.0,40.7,12.0,27.8,
2025-09-04,Lunch,743.9,32.5,15.4,0.0,0.0,0.0,66.1,2303.8,0.0,85.7,6.6,18.2,33.1,54.0,0.0,38.2,78.0,
2025-09-04,Snacks,626.9,12.5,8.1,0.1,0.0,0.0,20.0,311.9,911.3,94.3,11.0,67.8,40.9,0.0,19.4,25.9,26.6,
2025-09-05,Breakfast,418.0,17.0,3.0,1.5,12.0,0.0,6.0,507.0,789.0,46.6,3.0,18.4,21.8,12.0,12.0,44.0,12.0,
2025-09-05,Dinner,1186.0,60.0,25.1,0.0,0.0,0.3,127.9,2835.2,0.0,112.8,6.1,11.3,58.5,41.0,7.0,37.0,26.0,
2025-09-05,Lunch,715.7,17.8,7.6,1.4,9.0,1.5,187.5,1277.6,1309.7,101.0,16.6,14.1,41.0,6.0,59.0,18.0,49.8,
2025-09-05,Snacks,154.3,4.8,1.4,0.3,0.8,0.0,6.0,2.6,69.7,26.0,1.4,15.5,2.0,0.0,0.0,1.2,9.0,
2025-09-06,Breakfast,418.0,17.0,3.0,1.5,12.0,0.0,6.0,507.0,789.0,46.6,3.0,18.4,21.8,12.0,12.0,44.0,12.0,
2025-09-06,Dinner,424.0,11.9,3.6,6.2,1.0,0.0,50.0,287.0,1006.5,43.9,4.5,29.1,39.4,86.6,30.6,51.8,19.4,
2025-09-06,Lunch,976.0,39.0,21.3,0.0,0.0,0.3,112.9,2445.2,0.0,109.8,6.1,9.8,57.0,41.0,4.0,34.0,26.0,
2025-09-06,Snacks,553.9,12.3,1.4,2.2,9.9,0.0,0.0,880.5,764.4,94.4,17.4,39.2,19.2,6.0,33.7,20.2,34.3,
2025-09-07,Breakfast,140.0,3.0,2.0,0.0,0.0,0.0,20.0,140.0,282.0,8.0,1.0,6.0,20.0,0.0,0.0,19.5,0.0,
2025-09-07,Dinner,1136.0,55.5,8.8,27.8,12.3,0.4,109.5,1290.9,915.5,115.5,8.5,43.8,44.9,22.4,34.4,23.2,54.3,
2025-09-07,Lunch,1333.4,63.0,25.3,8.0,21.3,0.0,1131.6,1689.6,1477.9,114.7,11.1,70.3,75.0,14.2,83.0,95.1,55.8,
2025-09-08,Breakfast,418.0,17.0,3.0,1.5,12.0,0.0,6.0,507.0,789.0,46.6,3.0,18.4,21.8,12.0,12.0,44.0,12.0,
2025-09-08,Dinner,558.0,14.2,3.3,6.8,1.8,0.0,50.0,467.0,922.4,67.3,5.7,39.6,46.0,13.5,12.4,61.0,29.1,
2025-09-08,Lunch,760.0,22.0,9.0,0.0,0.0,0.0,0.0,1895.0,0.0,35.0,19.0,10.0,45.0,17.0,32.0,26.0,35.0,
2025-09-08,Snacks,578.8,11.8,2.8,0.6,1.6,0.0,12.1,818.6,495.5,105.0,6.0,35.3,11.0,0.0,8.0,7.9,42.6,
2025-09-09,Breakfast,418.0,17.0,3.0,1.5,12.0,0.0,6.0,507.0,789.0,46.6,3.0,18.4,21.8,12.0,12.0,44.0,12.0,
2025-09-09,Dinner,601.5,13.0,2.6,0.9,1.8,0.0,240.5,1024.5,456.0,90.5,8.0,13.1,29.2,0.0,0.0,14.4,20.9,
2025-09-09,Lunch,929.2,51.1,14.8,8.4,10.3,0.0,130.4,969.8,898.1,72.6,2.3,0.4,41.4,0.6,16.6,2.3,8.7,
2025-09-09,Snacks,455.9,9.8,1.4,1.2,8.9,0.0,0.0,676.5,644.4,82.8,15.4,35.4,12.4,6.0,33.7,7.2,14.3,
2025-09-10,Breakfast,418.0,17.0,3.0,1.5,12.0,0.0,6.0,507.0,789.0,46.6,3.0,18.4,21.8,12.0,12.0,44.0,12.0,
2025-09-10,Dinner,801.1,22.0,4.6,7.2,9.7,0.0,50.0,950.0,1680.0,108.2,21.5,49.0,51.3,75.8,86.4,59.9,31.0,
2025-09-10,Lunch,1026.7,43.0,7.5,11.7,7.0,0.0,135.3,2056.2,1000.6,117.4,6.4,6.7,43.3,36.5,58.7,11.7,32.0,
2025-09-10,Snacks,290.0,11.0,6.0,0.0,0.0,0.0,0.0,330.0,213.0,29.0,2.0,17.0,20.0,0.0,0.0,4.1,22.2,
2025-09-11,Breakfast,418.0,17.0,3.0,1.5,12.0,0.0,6.0,507.0,789.0,46.6,3.0,18.4,21.8,12.0,12.0,44.0,12.0,
2025-09-11,Dinner,901.3,25.2,8.0,4.0,10.0,0.0,30.5,1181.9,498.8,139.9,32.3,30.9,33.0,409.4,68.4,52.3,24.1,
2025-09-11,Lunch,1126.8,47.8,11.1,2.8,5.0,0.0,111.9,1983.2,3016.2,106.0,42.4,18.0,86.8,0.0,0.0,50.6,51.4,
2025-09-11,Snacks,80.1,1.7,0.5,0.0,0.0,0.0,0.0,45.3,0.0,15.2,0.2,7.4,1.4,0.0,1.1,0.0,0.0,
2025-09-12,Breakfast,418.0,17.0,3.0,1.5,12.0,0.0,6.0,507.0,789.0,46.6,3.0,18.4,21.8,12.0,12.0,44.0,12.0,
2025-09-12,Snacks,449.2,11.5,2.9,5.0,2.5,0.0,9.8,739.7,222.2,68.5,0.6,27.9,19.6,0.0,0.0,14.0,6.9,
2025-09-20,Breakfast,418.0,17.0,3.0,1.5,12.0,0.0,6.0,507.0,789.0,46.6,3.0,18.4,21.8,12.0,12.0,44.0,12.0,
2025-09-20,Dinner,873.3,37.6,13.7,0.1,2.5,0.0,40.0,762.4,490.5,129.7,2.0,70.5,14.2,14.0,12.0,29.5,22.5,
2025-09-20,Lunch,1047.0,45.2,11.3,0.5,0.1,0.0,71.0,3373.0,1309.8,91.4,29.3,4.0,68.6,0.3,19.1,14.9,44.9,
2025-09-26,Breakfast,418.0,17.0,3.0,1.5,12.0,0.0,6.0,507.0,789.0,46.6,3.0,18.4,21.8,12.0,12.0,44.0,12.0,
2025-09-26,Dinner,976.0,39.0,21.3,0.0,0.0,0.3,112.9,2445.2,0.0,109.8,6.1,9.8,57.0,41.0,4.0,34.0,26.0,
2025-09-26,Lunch,955.0,42.0,7.0,0.0,0.0,0.0,17.5,815.0,2240.5,111.5,34.0,38.0,34.5,0.0,0.0,25.7,49.4,
2025-09-29,Breakfast,418.0,17.0,3.0,1.5,12.0,0.0,6.0,507.0,789.0,46.6,3.0,18.4,21.8,12.0,12.0,44.0,12.0,
2025-09-29,Lunch,1038.5,31.7,8.2,6.4,2.7,0.0,5.0,1038.1,998.9,114.1,18.2,21.7,73.8,1.1,5.0,9.5,69.2,
2025-09-29,Snacks,687.5,19.4,11.1,1.3,4.5,0.0,92.0,132.7,539.4,102.5,6.1,56.5,29.2,29.9,26.5,25.4,6.3,
2025-09-30,Breakfast,418.0,17.0,3.0,1.5,12.0,0.0,6.0,507.0,789.0,46.6,3.0,18.4,21.8,12.0,12.0,44.0,12.0,
2025-09-30,Dinner,769.5,44.0,27.5,0.0,0.0,0.0,164.9,1484.1,412.3,57.7,2.7,5.5,35.7,27.5,0.0,55.0,27.5,
2025-09-30,Lunch,792.9,29.1,9.2,1.7,2.1,0.0,133.6,2051.4,793.5,76.2,14.1,6.1,53.7,24.0,26.0,29.4,37.2,
2025-09-30,Snacks,340.2,3.7,2.1,0.2,0.0,0.0,20.0,212.7,553.0,57.7,7.4,35.2,22.5,0.0,27.3,21.1,2.5,
2025-10-01,Breakfast,418.0,17.0,3.0,1.5,12.0,0.0,6.0,507.0,789.0,46.6,3.0,18.4,21.8,12.0,12.0,44.0,12.0,
2025-10-01,Dinner,684.6,15.7,3.9,2.0,5.1,0.0,35.0,994.6,1173.5,99.3,28.2,47.6,45.2,273.8,28.0,46.8,14.9,
2025-10-01,Lunch,1227.6,44.3,23.0,1.0,0.0,0.0,125.0,3132.1,1638.0,153.9,9.1,80.5,47.9,30.6,59.1,39.9,35.0,
2025-10-02,Breakfast,430.0,17.0,3.0,1.5,12.0,0.0,7.5,525.0,885.0,40.0,3.0,13.0,30.5,0.1,0.0,8.6,12.0,
2025-10-02,Dinner,599.2,12.7,3.0,1.8,3.8,0.0,48.3,1372.5,1242.0,85.7,28.4,10.9,39.4,222.7,5.3,8.2,22.3,
2025-10-02,Lunch,1008.9,50.3,9.2,2.8,7.5,0.0,17.5,1270.5,1246.9,91.5,15.3,57.0,51.7,0.0,15.3,24.3,22.1,
2025-10-02,Snacks,197.6,3.5,2.0,0.3,0.1,0.0,20.0,106.8,557.4,21.8,4.1,15.8,21.2,0.4,176.4,22.4,4.1,
2025-10-03,Breakfast,418.0,17.0,3.0,1.5,12.0,0.0,6.0,507.0,789.0,46.6,3.0,18.4,21.8,12.0,12.0,44.0,12.0,
2025-10-03,Dinner,1195.9,58.3,24.5,0.0,0.0,0.1,102.6,3191.0,0.0,126.6,9.1,22.5,50.4,69.0,2.0,40.2,78.0,
2025-10-03,Lunch,796.7,10.9,3.6,0.6,1.3,0.0,90.8,1371.2,1947.9,113.1,33.2,43.3,69.7,236.3,157.6,52.9,17.7,
2025-10-03,Snacks,182.0,0.0,0.0,0.0,0.0,0.0,0.0,21.0,0.0,43.4,0.0,25.2,4.2,0.0,0.0,0.0,0.0,
2025-10-04,Breakfast,418.0,17.0,3.0,1.5,12.0,0.0,6.0,507.0,789.0,46.6,3.0,18.4,21.8,12.0,12.0,44.0,12.0,
2025-10-04,Dinner,796.7,10.9,3.6,0.6,1.3,0.0,90.8,1371.2,1947.9,113.1,33.2,43.3,69.7,236.3,157.6,52.9,17.7,
2025-10-04,Lunch,1055.9,44.3,22.0,0.0,0.0,0.1,92.6,2931.0,0.0,124.6,9.1,21.5,49.4,69.0,0.0,38.2,78.0,
2025-10-04,Snacks,93.2,0.2,0.1,0.1,0.0,0.0,0.0,2.7,257.9,24.4,1.2,20.9,1.0,0.0,7.2,1.4,2.7,
2025-10-05,Breakfast,418.0,17.0,3.0,1.5,12.0,0.0,6.0,507.0,789.0,46.6,3.0,18.4,21.8,12.0,12.0,44.0,12.0,
2025-10-05,Dinner,896.4,47.3,16.3,1.2,6.9,0.0,69.2,1702.7,819.0,92.5,8.6,30.6,31.5,11.0,31.4,58.4,16.0,
2025-10-05,Lunch,796.7,10.9,3.6,0.6,1.3,0.0,90.8,1371.2,1947.9,113.1,33.2,43.3,69.7,236.3,157.6,52.9,17.7,
2025-10-05,Snacks,189.8,2.3,0.0,0.9,0.9,0.0,0.0,199.0,119.5,34.5,1.8,18.2,8.6,0.0,0.0,11.9,18.4,
2025-10-06,Breakfast,418.0,17.0,3.0,1.5,12.0,0.0,6.0,507.0,789.0,46.6,3.0,18.4,21.8,12.0,12.0,44.0,12.0,
2025-10-06,Dinner,783.2,11.1,3.6,0.9,1.3,0.0,90.8,1357.0,1927.7,110.7,35.4,38.6,69.6,236.2,50.4,53.0,18.3,
2025-10-06,Lunch,760.0,22.0,9.0,0.0,0.0,0.0,0.0,1895.0,0.0,35.0,19.0,10.0,45.0,17.0,32.0,26.0,35.0,
2025-10-06,Snacks,377.7,15.2,6.5,0.7,3.5,0.0,30.2,549.8,413.5,51.0,7.3,23.7,13.3,5.5,31.0,25.2,5.4,
2025-10-07,Breakfast,916.7,41.0,12.0,1.5,12.0,0.2,6.0,773.0,829.0,113.7,5.0,39.6,31.0,32.0,12.0,44.0,24.0,
2025-10-07,Dinner,990.0,46.0,19.0,0.0,0.0,0.0,100.0,2110.0,0.0,90.0,10.0,22.0,44.0,0.0,0.0,0.0,0.0,
2025-10-07,Lunch,1223.3,30.2,6.0,3.9,16.8,0.0,66.0,918.0,2266.2,166.3,25.4,90.6,81.5,3.2,73.1,100.1,32.5,
2025-10-07,Snacks,69.3,0.0,0.0,0.0,0.0,0.0,0.0,8.0,0.0,16.5,0.0,9.6,1.6,0.0,0.0,0.0,0.0,
2025-10-08,Breakfast,418.0,17.0,3.0,1.5,12.0,0.0,6.0,507.0,789.0,46.6,3.0,18.4,21.8,12.0,12.0,44.0,12.0,
2025-10-08,Dinner,562.5,22.5,3.4,0.0,0.0,0.0,90.0,900.0,916.0,38.3,6.8,27.0,42.8,0.0,0.0,13.5,24.5,
2025-10-08,Lunch,821.0,43.0,3.0,0.0,0.0,0.0,5.0,95.0,0.0,73.0,0.0,9.0,36.0,0.0,0.0,0.0,0.0,
2025-10-08,Snacks,379.9,9.5,1.3,1.1,8.9,0.0,0.0,668.5,870.4,56.8,14.6,23.4,12.7,6.0,18.4,6.0,13.0,
2025-10-09,Breakfast,418.0,17.0,3.0,1.5,12.0,0.0,6.0,507.0,789.0,46.6,3.0,18.4,21.8,12.0,12.0,44.0,12.0,
2025-10-09,Dinner,888.0,29.2,10.2,0.0,0.0,0.0,0.0,1947.0,0.0,50.2,19.8,10.0,46.6,17.0,32.0,27.6,36.6,
2025-10-09,Lunch,700.9,29.5,5.7,4.1,17.4,0.0,20.0,862.2,931.0,74.4,15.0,30.4,39.9,6.0,18.4,27.9,18.7,
2025-10-09,Snacks,396.7,2.5,1.0,0.0,0.0,0.0,45.0,285.0,1070.0,56.7,5.0,36.0,42.0,0.0,0.0,57.0,10.0,
2025-10-10,Breakfast,418.0,17.0,3.0,1.5,12.0,0.0,6.0,507.0,789.0,46.6,3.0,18.4,21.8,12.0,12.0,44.0,12.0,
2025-10-10,Dinner,976.0,39.0,21.3,0.0,0.0,0.3,112.9,2445.2,0.0,109.8,6.1,9.8,57.0,41.0,4.0,34.0,26.0,
2025-10-10,Lunch,689.9,19.5,7.3,1.1,8.9,0.0,40.0,1388.5,430.4,88.8,17.6,11.4,40.7,6.0,18.4,6.0,13.0,
2025-10-10,Snacks,209.3,3.0,2.0,0.0,0.0,0.0,20.0,113.0,282.0,24.5,0.5,16.6,21.6,0.0,0.0,19.5,0.0,
2025-10-11,Breakfast,418.0,17.0,3.0,1.5,12.0,0.0,6.0,507.0,789.0,46.6,3.0,18.4,21.8,12.0,12.0,44.0,12.0,
2025-10-11,Dinner,667.5,34.3,7.8,6.0,2.5,0.0,80.0,1277.5,807.3,58.0,7.3,15.5,34.5,0.0,0.0,29.0,24.2,
2025-10-11,Lunch,1055.9,44.3,22.0,0.0,0.0,0.1,92.6,2931.0,0.0,124.6,9.1,21.5,49.4,69.0,0.0,38.2,78.0,
2025-10-11,Snacks,184.7,0.2,0.0,0.0,0.0,0.0,0.0,11.7,185.8,44.2,4.0,29.8,2.4,3.2,0.0,1.2,1.1,
2025-10-12,Breakfast,418.0,17.0,3.0,1.5,12.0,0.0,6.0,507.0,789.0,46.6,3.0,18.4,21.8,12.0,12.0,44.0,12.0,
2025-10-12,Dinner,806.7,32.9,8.0,0.9,4.0,1.0,75.5,669.6,1100.9,89.0,6.0,10.4,35.1,2.5,58.3,3.5,21.6,
2025-10-12,Lunch,519.9,12.5,3.3,1.1,8.9,0.0,20.0,773.5,1152.4,64.8,15.1,30.4,32.7,6.0,18.4,25.5,13.0,
2025-10-12,Snacks,548.4,4.2,1.1,0.9,0.8,0.0,45.0,444.5,1261.3,83.4,7.4,49.7,47.4,3.6,150.3,67.2,21.0,
2025-10-13,Breakfast,418.0,17.0,3.0,1.5,12.0,0.0,6.0,507.0,789.0,46.6,3.0,18.4,21.8,12.0,12.0,44.0,12.0,
2025-10-13,Dinner,806.7,32.9,8.0,0.9,4.0,1.0,75.5,669.6,1100.9,89.0,6.0,10.4,35.1,2.5,58.3,3.5,21.6,
2025-10-13,Lunch,760.0,22.0,9.0,0.0,0.0,0.0,0.0,1895.0,0.0,35.0,19.0,10.0,45.0,17.0,32.0,26.0,35.0,
2025-10-13,Snacks,300.7,3.8,2.5,0.0,0.0,0.0,42.5,237.0,582.0,27.0,0.5,19.4,39.9,0.0,0.0,44.0,1.1,
2025-10-14,Breakfast,418.0,17.0,3.0,1.5,12.0,0.0,6.0,507.0,789.0,46.6,3.0,18.4,21.8,12.0,12.0,44.0,12.0,
2025-10-14,Dinner,865.9,37.0,19.6,3.6,2.8,0.0,108.7,2537.4,439.4,100.0,5.0,31.3,33.6,42.9,12.0,43.6,26.8,
2025-10-14,Lunch,792.9,29.1,9.2,1.7,2.1,0.0,133.6,2051.4,793.5,76.2,14.1,6.1,53.7,24.0,26.0,29.4,37.2,
2025-10-14,Snacks,272.0,3.0,2.0,0.0,0.0,0.0,20.0,111.0,722.0,34.4,4.5,30.2,23.2,0.0,0.0,19.5,0.0,
2025-10-15,Breakfast,418.0,17.0,3.0,1.5,12.0,0.0,6.0,507.0,789.0,46.6,3.0,18.4,21.8,12.0,12.0,44.0,12.0,
2025-10-15,Dinner,670.0,35.0,7.0,0.0,0.0,0.0,125.0,1555.0,1027.0,31.5,7.0,10.5,46.5,0.0,0.0,24.8,31.4,
2025-10-15,Lunch,888.2,39.0,2.0,5.4,3.8,0.0,112.9,1220.5,825.1,89.0,7.7,19.2,48.5,120.2,37.1,14.3,19.3,
2025-10-15,Snacks,166.0,3.0,2.0,0.0,0.0,0.0,20.0,108.0,282.0,14.2,0.5,10.6,20.6,0.0,0.0,19.5,0.0,
2025-10-16,Breakfast,418.0,17.0,3.0,1.5,12.0,0.0,6.0,507.0,789.0,46.6,3.0,18.4,21.8,12.0,12.0,44.0,12.0,
2025-10-16,Dinner,945.0,28.8,9.9,0.0,0.0,0.0,0.0,2005.0,0.0,64.6,21.3,19.5,47.0,17.0,32.5,27.0,36.5,
2025-10-16,Lunch,836.7,19.7,7.0,2.8,3.8,0.0,121.3,2054.0,1949.0,91.7,9.8,37.9,76.0,3.6,150.3,92.1,20.9,
2025-10-16,Snacks,140.0,3.0,2.0,0.0,0.0,0.0,20.0,105.0,282.0,8.0,0.5,7.0,20.0,0.0,0.0,19.5,0.0,
2025-10-17,Breakfast,418.0,17.0,3.0,1.5,12.0,0.0,6.0,507.0,789.0,46.6,3.0,18.4,21.8,12.0,12.0,44.0,12.0,
2025-10-17,Dinner,1072.7,49.0,22.9,5.8,2.1,0.3,118.7,2647.9,14.4,111.1,6.1,10.9,57.3,41.0,4.0,34.6,26.4,
2025-10-17,Lunch,768.0,35.2,7.0,0.0,0.0,0.0,125.0,1556.7,1212.8,55.0,11.0,28.3,46.9,3.2,0.0,26.0,32.5,
2025-10-17,Snacks,139.2,10.0,1.6,5.8,2.1,0.0,5.8,207.7,14.4,12.6,0.3,9.6,0.3,0.0,0.0,0.6,0.4,
2025-10-18,Breakfast,418.0,17.0,3.0,1.5,12.0,0.0,6.0,507.0,789.0,46.6,3.0,18.4,21.8,12.0,12.0,44.0,12.0,
2025-10-18,Dinner,644.3,11.6,2.4,1.2,8.9,0.0,45.0,931.0,1552.9,87.4,15.7,35.8,49.7,9.6,133.7,62.2,17.2,
2025-10-18,Lunch,976.0,39.0,21.3,0.0,0.0,0.3,112.9,2445.2,0.0,109.8,6.1,9.8,57.0,41.0,4.0,34.0,26.0,
2025-10-18,Snacks,317.3,14.5,7.2,1.4,4.3,0.0,68.8,199.6,130.8,45.8,1.2,35.2,3.3,0.0,3.1,2.6,7.9,
2025-10-19,Breakfast,418.0,17.0,3.0,1.5,12.0,0.0,6.0,507.0,789.0,46.6,3.0,18.4,21.8,12.0,12.0,44.0,12.0,
2025-10-19,Dinner,790.0,44.0,14.0,0.0,0.0,0.0,190.0,2110.0,0.0,57.0,4.0,6.0,45.0,0.0,0.0,0.0,0.0,
2025-10-19,Lunch,604.9,11.4,2.4,1.2,8.9,0.0,45.0,919.7,1452.8,78.8,13.7,29.8,49.0,9.5,28.7,60.9,15.5,
2025-10-19,Snacks,546.1,19.4,9.2,2.5,4.5,0.0,88.8,277.4,773.3,72.7,20.8,39.7,26.7,0.0,123.0,28.4,16.6,
2025-10-20,Breakfast,418.0,17.0,3.0,1.5,12.0,0.0,6.0,507.0,789.0,46.6,3.0,18.4,21.8,12.0,12.0,44.0,12.0,
2025-10-20,Dinner,604.9,11.4,2.4,1.2,8.9,0.0,45.0,919.7,1452.8,78.8,13.7,29.8,49.0,9.5,28.7,60.9,15.5,
2025-10-20,Lunch,821.0,41.3,5.0,0.2,0.0,0.0,0.0,195.2,82.0,77.4,6.5,0.6,39.3,0.0,0.0,0.2,2.7,
2025-10-20,Snacks,643.2,24.9,12.6,0.1,1.1,0.0,57.3,360.3,391.1,77.1,4.1,51.0,26.1,17.1,73.2,26.3,13.3,
2025-10-21,Breakfast,418.0,17.0,3.0,1.5,12.0,0.0,6.0,507.0,789.0,46.6,3.0,18.4,21.8,12.0,12.0,44.0,12.0,
2025-10-21,Dinner,716.6,12.2,2.3,1.8,5.3,0.0,193.2,799.1,1314.5,81.0,4.0,25.4,66.2,5.3,181.3,6.7,21.8,
2025-10-21,Lunch,937.9,42.9,17.7,4.1,3.4,0.0,110.0,569.9,552.6,74.6,5.7,8.8,60.5,0.0,71.3,10.8,46.1,
2025-10-22,Breakfast,418.0,17.0,3.0,1.5,12.0,0.0,6.0,507.0,789.0,46.6,3.0,18.4,21.8,12.0,12.0,44.0,12.0,
2025-10-22,Dinner,857.2,26.5,9.5,2.5,13.2,0.0,113.8,1113.1,1543.7,106.6,18.8,47.6,54.0,6.0,18.5,67.6,31.5,
2025-10-22,Lunch,686.9,19.7,4.2,4.1,6.2,0.0,253.1,1912.1,841.0,48.3,5.6,5.8,73.1,11.1,37.5,10.2,28.2,
2025-10-22,Snacks,215.1,4.0,2.0,0.6,0.1,0.0,20.0,106.4,496.0,25.0,10.4,13.2,21.7,0.0,61.0,22.3,4.3,
2025-10-23,Breakfast,418.0,17.0,3.0,1.5,12.0,0.0,6.0,507.0,789.0,46.6,3.0,18.4,21.8,12.0,12.0,44.0,12.0,
2025-10-23,Dinner,902.5,28.8,9.9,0.0,0.0,0.0,0.0,2000.0,0.0,53.3,21.0,11.0,47.0,17.0,32.5,27.0,36.5,
2025-10-23,Lunch,537.9,12.7,3.3,1.1,8.9,0.0,20.0,775.2,898.2,74.3,15.1,32.2,31.1,9.2,18.4,26.7,14.1,
2025-10-23,Snacks,442.7,17.6,2.6,3.2,8.5,0.0,0.0,92.2,906.2,72.5,5.6,57.0,11.1,4.8,19.2,6.0,9.9,
2025-10-24,Breakfast,418.0,17.0,3.0,1.5,12.0,0.0,6.0,507.0,789.0,46.6,3.0,18.4,21.8,12.0,12.0,44.0,12.0,
2025-10-24,Dinner,1152.6,54.3,23.6,5.8,2.1,0.1,98.4,3133.7,14.4,125.9,9.1,22.6,49.7,69.0,0.0,38.8,78.4,
2025-10-24,Lunch,610.0,13.0,8.0,0.0,0.0,0.0,60.0,825.0,722.0,68.0,11.5,27.0,52.0,0.0,0.0,44.5,20.0,
2025-10-24,Snacks,473.3,37.0,5.0,23.8,7.5,0.0,0.0,0.0,146.7,38.7,5.3,0.0,5.3,0.0,0.0,0.0,5.9,
2025-10-25,Breakfast,418.0,17.0,3.0,1.5,12.0,0.0,6.0,507.0,789.0,46.6,3.0,18.4,21.8,12.0,12.0,44.0,12.0,
2025-10-25,Dinner,396.2,5.3,0.0,2.1,2.1,0.0,5.0,562.7,674.1,56.6,4.2,31.3,29.9,0.0,0.0,65.4,42.2,
2025-10-25,Lunch,1055.9,44.3,22.0,0.0,0.0,0.1,92.6,2931.0,0.0,124.6,9.1,21.5,49.4,69.0,0.0,38.2,78.0,
2025-10-25,Snacks,238.0,3.2,2.0,0.0,0.0,0.0,20.0,106.7,467.8,31.5,4.5,24.8,20.4,3.2,0.0,20.7,1.1,
2025-10-26,Breakfast,418.0,17.0,3.0,1.5,12.0,0.0,6.0,507.0,789.0,46.6,3.0,18.4,21.8,12.0,12.0,44.0,12.0,
2025-10-26,Dinner,956.2,36.4,13.3,4.6,7.9,0.1,287.6,1114.2,948.5,60.6,6.4,21.0,90.9,4.5,8.2,6.7,13.1,
2025-10-26,Lunch,945.0,34.0,4.5,0.0,0.0,0.0,135.0,1830.0,2100.5,78.0,15.5,45.0,83.0,0.0,0.0,75.9,41.4,
2025-10-26,Snacks,57.8,0.0,0.0,0.0,0.0,0.0,0.0,6.7,0.0,13.3,0.0,8.4,1.3,0.0,0.0,0.0,0.0,
2025-10-27,Breakfast,418.0,17.0,3.0,1.5,12.0,0.0,6.0,507.0,789.0,46.6,3.0,18.4,21.8,12.0,12.0,44.0,12.0,
2025-10-27,Dinner,887.3,51.3,26.8,4.9,10.2,0.1,749.7,1204.2,557.5,58.7,3.1,12.4,43.0,289.4,212.6,142.9,23.7,
2025-10-27,Lunch,760.0,22.0,9.0,0.0,0.0,0.0,0.0,1895.0,0.0,35.0,19.0,10.0,45.0,17.0,32.0,26.0,35.0,
2025-10-27,Snacks,228.5,4.1,2.0,0.6,0.1,0.0,20.0,106.7,538.8,28.3,11.6,14.5,22.0,0.0,74.3,23.8,6.5,
2025-10-28,Breakfast,418.0,17.0,3.0,1.5,12.0,0.0,6.0,507.0,789.0,46.6,3.0,18.4,21.8,12.0,12.0,44.0,12.0,
2025-10-28,Dinner,747.5,39.5,9.0,6.0,2.5,0.0,93.8,1060.0,825.3,60.3,5.5,22.5,37.3,0.0,0.0,26.0,23.6,
2025-10-28,Lunch,1028.0,48.8,1.4,0.0,0.0,0.0,0.0,168.0,0.0,92.2,9.2,1.6,45.2,0.0,0.8,1.6,2.4,
2025-10-29,Breakfast,418.0,17.0,3.0,1.5,12.0,0.0,6.0,507.0,789.0,46.6,3.0,18.4,21.8,12.0,12.0,44.0,12.0,
2025-10-29,Dinner,791.0,16.1,2.5,3.3,4.0,0.0,206.8,1189.5,1570.7,75.6,8.3,10.5,81.2,453.2,484.3,12.4,30.6,
2025-10-29,Lunch,860.0,40.0,6.0,0.0,0.0,0.0,90.0,1180.0,1336.0,68.0,12.0,48.0,48.0,0.0,0.0,24.0,34.2,
2025-10-29,Snacks,141.9,2.4,0.0,0.9,0.9,0.0,0.0,198.6,123.0,22.7,1.9,11.4,7.6,0.0,0.0,12.3,18.9,
2025-10-30,Breakfast,418.0,17.0,3.0,1.5,12.0,0.0,6.0,507.0,789.0,46.6,3.0,18.4,21.8,12.0,12.0,44.0,12.0,
2025-10-30,Dinner,1190.8,69.1,1.9,4.4,4.9,0.0,0.0,172.2,474.8,103.0,3.1,0.2,40.8,0.0,6.4,1.5,3.7,
2025-10-30,Lunch,816.0,26.2,9.0,0.0,0.0,0.0,0.0,2014.0,0.0,36.4,19.0,10.0,50.6,17.0,32.0,26.0,35.0,
2025-10-30,Snacks,227.8,3.5,2.0,0.2,0.1,0.0,20.0,101.5,400.6,31.3,5.7,22.3,21.1,0.0,24.9,20.4,4.4,
2025-10-31,Breakfast,418.0,17.0,3.0,1.5,12.0,0.0,6.0,507.0,789.0,46.6,3.0,18.4,21.8,12.0,12.0,44.0,12.0,
2025-10-31,Dinner,1072.7,49.0,22.9,5.8,2.1,0.3,118.7,2647.9,14.4,111.1,6.1,10.9,57.3,41.0,4.0,34.6,26.4,
2025-10-31,Lunch,705.0,35.0,7.0,0.0,0.0,0.0,107.5,1730.0,1076.0,45.5,7.0,24.5,46.5,0.0,0.0,21.0,29.5,
2025-10-31,Snacks,197.5,4.2,1.5,0.1,0.0,0.0,2.0,60.9,147.2,39.7,2.4,29.3,2.7,0.0,107.6,2.8,2.2,
2025-11-01,Breakfast,418.0,17.0,3.0,1.5,12.0,0.0,6.0,507.0,789.0,46.6,3.0,18.4,21.8,12.0,12.0,44.0,12.0,
2025-11-01,Dinner,976.0,39.0,21.3,0.0,0.0,0.3,112.9,2445.2,0.0,109.8,6.1,9.8,57.0,41.0,4.0,34.0,26.0,
2025-11-01,Lunch,908.0,39.3,14.3,0.0,0.0,0.0,98.8,2132.6,0.0,88.1,1.2,1.2,47.6,17.9,35.7,36.9,39.3,
2025-11-01,Snacks,207.8,2.0,1.0,0.2,0.1,0.0,10.0,691.5,306.6,29.3,3.7,21.3,20.1,0.0,24.9,20.4,2.4,
2025-11-02,Breakfast,418.0,17.0,3.0,1.5,12.0,0.0,6.0,507.0,789.0,46.6,3.0,18.4,21.8,12.0,12.0,44.0,12.0,
2025-11-02,Dinner,702.3,23.4,4.0,3.1,6.6,0.1,67.4,656.9,963.5,89.0,6.0,10.4,31.0,6.9,58.3,5.4,16.3,
2025-11-02,Lunch,811.4,22.1,5.6,1.8,0.7,0.0,20.0,619.2,808.1,125.9,15.9,68.3,39.1,0.1,135.9,37.0,23.4,
2025-11-02,Snacks,300.0,2.0,1.0,0.1,0.0,0.0,45.0,250.0,720.0,33.0,6.0,23.0,37.4,0.0,8.0,50.0,4.2,
2025-11-03,Breakfast,418.0,17.0,3.0,1.5,12.0,0.0,6.0,507.0,789.0,46.6,3.0,18.4,21.8,12.0,12.0,44.0,12.0,
2025-11-03,Dinner,877.9,29.3,5.0,3.9,8.2,0.1,84.2,821.2,1204.3,111.2,7.4,13.0,38.8,8.6,72.9,6.7,20.4,
2025-11-03,Lunch,760.0,22.0,9.0,0.0,0.0,0.0,0.0,1895.0,0.0,35.0,19.0,10.0,45.0,17.0,32.0,26.0,35.0,
2025-11-03,Snacks,208.5,2.6,1.0,0.6,0.1,0.0,10.0,691.7,444.8,27.3,11.1,13.5,21.0,0.0,74.3,23.8,6.5,
2025-11-04,Breakfast,418.0,17.0,3.0,1.5,12.0,0.0,6.0,507.0,789.0,46.6,3.0,18.4,21.8,12.0,12.0,44.0,12.0,
2025-11-04,Dinner,836.3,35.8,6.9,5.3,2.8,0.1,63.6,2044.5,323.5,99.3,9.8,7.1,42.9,0.0,4.6,9.2,31.9,
2025-11-04,Lunch,943.0,43.1,8.8,4.1,3.4,0.0,115.0,999.9,552.6,76.4,6.7,10.8,59.6,0.0,71.3,14.8,56.1,
2025-11-04,Snacks,100.0,0.5,0.0,0.1,0.0,0.0,0.0,0.0,120.0,24.0,6.0,15.0,0.4,0.0,8.0,1.0,2.0,
2025-11-05,Breakfast,418.0,17.0,3.0,1.5,12.0,0.0,6.0,507.0,789.0,46.6,3.0,18.4,21.8,12.0,12.0,44.0,12.0,
2025-11-05,Dinner,1152.6,54.3,23.6,5.8,2.1,0.1,98.4,3133.7,14.4,125.9,9.1,22.6,49.7,69.0,0.0,38.8,78.4,
2025-11-05,Lunch,614.4,11.3,2.4,1.2,8.9,0.0,45.0,918.5,1415.1,78.6,12.6,34.0,48.6,6.0,42.0,55.6,15.2,
2025-11-05,Snacks,268.6,10.2,5.6,0.7,2.1,0.0,54.4,189.8,313.7,23.4,1.1,17.1,21.7,0.0,0.0,20.8,3.5,
2025-11-06,Breakfast,418.0,17.0,3.0,1.5,12.0,0.0,6.0,507.0,789.0,46.6,3.0,18.4,21.8,12.0,12.0,44.0,12.0,
2025-11-06,Dinner,842.5,24.0,12.1,0.1,0.0,0.1,91.3,1715.5,984.7,98.2,6.5,37.3,62.5,34.5,23.6,68.7,41.2,
2025-11-06,Lunch,760.0,22.0,9.0,0.0,0.0,0.0,0.0,1895.0,0.0,35.0,19.0,10.0,45.0,17.0,32.0,26.0,35.0,
2025-11-06,Snacks,228.5,4.1,2.0,0.6,0.1,0.0,20.0,106.7,538.8,28.3,11.6,14.5,22.0,0.0,74.3,23.8,6.5,
2025-11-07,Breakfast,418.0,17.0,3.0,1.5,12.0,0.0,6.0,507.0,789.0,46.6,3.0,18.4,21.8,12.0,12.0,44.0,12.0,
2025-11-07,Dinner,628.0,22.7,11.0,0.1,0.0,0.1,46.3,1465.5,120.0,86.4,10.5,25.7,25.0,34.5,8.0,20.1,41.0,
2025-11-07,Lunch,867.6,17.3,3.9,2.6,10.3,0.0,50.0,1208.5,1448.5,124.2,18.4,60.0,55.8,19.5,30.7,70.5,42.5,
2025-11-07,Snacks,481.0,11.6,5.5,0.6,0.1,0.0,60.6,1681.7,981.3,64.1,15.6,32.3,34.5,0.0,74.3,27.8,16.9,
2025-11-08,Breakfast,418.0,17.0,3.0,1.5,12.0,0.0,6.0,507.0,789.0,46.6,3.0,18.4,21.8,12.0,12.0,44.0,12.0,
2025-11-08,Dinner,860.0,40.0,6.0,0.0,0.0,0.0,90.0,1180.0,1336.0,68.0,12.0,48.0,48.0,0.0,0.0,24.0,34.2,
2025-11-08,Lunch,628.5,18.2,5.9,1.8,11.0,0.0,44.4,1443.3,1090.1,79.2,15.2,39.5,33.4,6.0,18.4,26.8,16.5,
2025-11-08,Snacks,443.0,2.9,1.1,0.1,0.0,0.0,46.0,318.2,1596.4,72.6,8.1,46.8,39.1,15.5,22.3,60.9,10.3,
2025-11-09,Breakfast,418.0,17.0,3.0,1.5,12.0,0.0,6.0,507.0,789.0,46.6,3.0,18.4,21.8,12.0,12.0,44.0,12.0,
2025-11-09,Dinner,850.5,28.5,11.7,1.2,6.9,0.0,145.0,1025.8,1390.9,98.1,12.8,42.1,45.6,858.7,32.4,15.1,24.0,
2025-11-09,Lunch,754.9,16.4,2.9,1.2,8.9,0.0,45.0,939.7,2006.8,96.8,17.7,37.8,57.0,19.5,38.7,63.9,26.6,
2025-11-09,Snacks,416.8,4.0,2.1,0.2,0.1,0.0,20.0,118.4,684.2,75.3,9.6,52.0,23.8,0.0,83.6,26.8,3.4,
2025-11-10,Breakfast,418.0,17.0,3.0,1.5,12.0,0.0,6.0,507.0,789.0,46.6,3.0,18.4,21.8,12.0,12.0,44.0,12.0,
2025-11-10,Dinner,711.0,16.8,4.0,6.1,4.5,0.0,75.0,1356.4,2479.6,91.1,7.7,26.4,52.0,3.5,10.3,62.6,13.8,
2025-11-10,Lunch,760.0,22.0,9.0,0.0,0.0,0.0,0.0,1895.0,0.0,35.0,19.0,10.0,45.0,17.0,32.0,26.0,35.0,
2025-11-10,Snacks,506.7,20.4,3.5,12.1,3.9,0.0,10.0,696.2,571.4,60.6,7.5,31.7,24.6,0.0,18.9,20.2,4.8,
2025-11-11,Breakfast,418.0,17.0,3.0,1.5,12.0,0.0,6.0,507.0,789.0,46.6,3.0,18.4,21.8,12.0,12.0,44.0,12.0,
2025-11-11,Dinner,727.4,10.9,3.1,1.3,1.2,0.0,105.0,2086.6,2200.5,93.2,7.5,41.0,66.0,3.5,10.3,74.7,35.7,
2025-11-11,Lunch,838.7,33.5,2.0,5.4,3.8,0.0,112.9,1220.5,825.1,88.5,7.7,19.2,48.5,120.2,37.1,14.3,19.3,
2025-11-11,Snacks,473.2,9.5,1.3,1.1,8.9,0.0,0.0,688.5,430.4,84.1,10.6,31.4,14.7,6.0,18.4,6.0,13.0,
2025-11-12,Breakfast,418.0,17.0,3.0,1.5,12.0,0.0,6.0,507.0,789.0,46.6,3.0,18.4,21.8,12.0,12.0,44.0,12.0,
2025-11-12,Dinner,1002.3,56.9,22.6,4.6,8.3,0.1,724.1,1646.4,708.7,76.1,5.5,20.9,44.4,280.0,0.0,143.7,30.8,
2025-11-12,Lunch,713.4,22.5,3.4,3.6,8.6,0.0,50.0,2368.4,1120.6,94.1,14.3,29.8,43.6,0.0,61.0,30.7,12.6,
2025-11-12,Snacks,285.9,7.4,0.5,1.0,1.0,0.0,0.0,209.3,660.5,34.4,5.9,13.7,19.8,0.0,0.0,23.6,30.6,
2025-11-13,Breakfast,418.0,17.0,3.0,1.5,12.0,0.0,6.0,507.0,789.0,46.6,3.0,18.4,21.8,12.0,12.0,44.0,12.0,
2025-11-13,Dinner,877.9,29.3,5.0,3.9,8.2,0.1,84.2,821.2,1204.3,111.2,7.4,13.0,38.8,8.6,72.9,6.7,20.4,
2025-11-13,Lunch,760.0,22.0,9.0,0.0,0.0,0.0,0.0,1895.0,0.0,35.0,19.0,10.0,45.0,17.0,32.0,26.0,35.0,
2025-11-13,Snacks,660.5,9.6,6.1,0.3,0.1,0.0,50.0,566.9,424.5,97.8,4.9,63.4,45.4,0.0,29.9,20.6,2.9,
2025-11-14,Breakfast,418.0,17.0,3.0,1.5,12.0,0.0,6.0,507.0,789.0,46.6,3.0,18.4,21.8,12.0,12.0,44.0,12.0,
2025-11-14,Dinner,1152.6,54.3,23.6,5.8,2.1,0.1,98.4,3133.7,14.4,125.9,9.1,22.6,49.7,69.0,0.0,38.8,78.4,
2025-11-14,Lunch,642.5,11.9,2.4,1.5,9.0,0.0,45.0,920.4,1559.8,87.3,18.7,32.9,49.9,9.5,59.2,62.3,17.6,
2025-11-14,Snacks,325.5,12.6,7.8,0.4,1.8,0.3,19.5,70.0,134.5,52.8,6.0,37.6,1.5,4.4,8.0,2.7,3.8,
2025-11-15,Breakfast,418.0,17.0,3.0,1.5,12.0,0.0,6.0,507.0,789.0,46.6,3.0,18.4,21.8,12.0,12.0,44.0,12.0,
2025-11-15,Dinner,604.9,11.4,2.4,1.2,8.9,0.0,45.0,919.7,1452.8,78.8,13.7,29.8,49.0,9.5,28.7,60.9,15.5,
2025-11-15,Lunch,1055.9,44.3,22.0,0.0,0.0,0.1,92.6,2931.0,0.0,124.6,9.1,21.5,49.4,69.0,0.0,38.2,78.0,
2025-11-15,Snacks,372.9,18.8,12.1,1.3,5.2,0.0,74.4,23.8,255.8,46.0,2.3,37.2,4.1,23.5,0.0,1.4,4.3,
2025-11-16,Breakfast,418.0,17.0,3.0,1.5,12.0,0.0,6.0,507.0,789.0,46.6,3.0,18.4,21.8,12.0,12.0,44.0,12.0,
2025-11-16,Dinner,1235.4,56.4,28.0,8.4,10.6,0.0,133.7,3191.1,1396.0,134.8,27.3,24.2,48.0,9.7,24.4,68.6,56.3,
2025-11-16,Lunch,937.8,30.2,14.5,2.5,14.1,0.0,119.4,943.5,1488.6,117.8,14.0,59.0,52.1,33.0,28.7,62.3,19.8,
2025-11-17,Breakfast,418.0,17.0,3.0,1.5,12.0,0.0,6.0,507.0,789.0,46.6,3.0,18.4,21.8,12.0,12.0,44.0,12.0,
2025-11-17,Dinner,1002.5,34.4,20.3,2.1,8.1,0.0,150.4,2271.3,1868.1,114.1,25.6,46.1,62.3,28.4,24.4,63.1,43.3,
2025-11-17,Lunch,760.0,22.0,9.0,0.0,0.0,0.0,0.0,1895.0,0.0,35.0,19.0,10.0,45.0,17.0,32.0,26.0,35.0,
2025-11-17,Snacks,249.0,3.0,1.0,0.8,0.1,0.0,10.0,693.0,674.0,35.8,15.9,20.6,23.2,0.0,105.0,28.2,10.3,
2025-11-18,Breakfast,418.0,17.0,3.0,1.5,12.0,0.0,6.0,507.0,789.0,46.6,3.0,18.4,21.8,12.0,12.0,44.0,12.0,
2025-11-18,Dinner,630.0,32.0,8.0,0.0,0.0,0.0,330.0,2220.0,0.0,35.0,8.0,13.0,53.0,50.0,2.0,4.0,4.0,
2025-11-18,Lunch,999.4,36.5,11.0,0.3,2.4,0.0,16.7,382.2,319.0,76.9,7.7,2.2,66.4,0.2,11.0,13.5,11.0,
2025-11-18,Snacks,327.8,4.0,2.0,0.3,0.1,0.0,20.0,106.5,520.6,54.3,10.2,37.3,21.5,0.0,32.9,21.4,4.4,
2025-11-19,Breakfast,418.0,17.0,3.0,1.5,12.0,0.0,6.0,507.0,789.0,46.6,3.0,18.4,21.8,12.0,12.0,44.0,12.0,
2025-11-19,Dinner,919.5,54.0,29.0,0.0,0.0,0.0,164.9,1754.1,642.3,71.7,4.7,13.5,38.7,27.5,0.0,63.0,33.1,
2025-11-19,Lunch,620.0,28.0,8.0,0.0,0.0,0.0,85.0,1400.0,0.0,51.0,11.0,3.0,41.0,0.0,0.0,0.0,0.0,
2025-11-19,Snacks,405.0,2.4,1.1,0.2,0.0,0.0,45.0,251.2,1142.4,60.0,9.1,37.4,38.7,5.0,25.1,50.6,5.9,
2025-11-20,Breakfast,418.0,17.0,3.0,1.5,12.0,0.0,6.0,507.0,789.0,46.6,3.0,18.4,21.8,12.0,12.0,44.0,12.0,
2025-11-20,Dinner,806.7,32.9,8.0,0.9,4.0,1.0,75.5,669.6,1100.9,89.0,6.0,10.4,35.1,2.5,58.3,3.5,21.6,
2025-11-20,Lunch,874.5,23.8,5.8,3.5,11.0,0.0,105.9,2207.8,1701.1,114.4,23.5,29.2,51.2,6.1,140.4,35.0,30.6,
2025-11-21,Breakfast,418.0,17.0,3.0,1.5,12.0,0.0,6.0,507.0,789.0,46.6,3.0,18.4,21.8,12.0,12.0,44.0,12.0,
2025-11-21,Dinner,1494.0,68.0,0.0,0.0,0.0,0.0,0.0,0.0,0.0,123.8,0.0,0.0,70.1,0.0,0.0,0.0,0.0,
2025-11-21,Lunch,860.8,20.7,7.3,2.9,4.0,0.0,133.3,1855.1,1792.5,103.1,23.1,36.1,66.0,1.2,76.2,51.0,21.9,
2025-11-22,Breakfast,1192.1,64.1,24.3,10.8,24.5,1.1,599.3,1345.4,1332.0,97.3,3.0,55.6,55.9,102.8,69.6,52.1,22.8,
2025-11-22,Dinner,210.0,1.5,1.0,0.0,0.0,0.0,45.0,265.0,620.0,16.0,0.0,14.0,33.0,10.0,10.0,41.0,2.2,
2025-11-22,Lunch,1139.7,50.3,19.3,1.4,0.5,0.1,100.0,2151.6,47.4,95.0,10.7,23.3,44.3,12.9,1.4,0.8,0.5,
2025-11-22,Snacks,335.7,3.3,2.0,0.1,0.0,0.0,20.0,122.0,359.0,55.6,2.9,36.2,23.9,0.0,16.2,20.1,1.6,
2025-11-23,Breakfast,418.0,17.0,3.0,1.5,12.0,0.0,6.0,507.0,789.0,46.6,3.0,18.4,21.8,12.0,12.0,44.0,12.0,
2025-11-23,Dinner,1152.6,54.3,23.6,5.8,2.1,0.1,98.4,3133.7,14.4,125.9,9.1,22.6,49.7,69.0,0.0,38.8,78.4,
2025-11-23,Lunch,814.5,31.4,5.7,7.4,11.3,0.0,20.0,238.2,1696.4,95.1,13.8,60.1,46.2,0.0,29.6,39.1,31.0,
2025-11-23,Snacks,501.8,21.5,12.3,0.4,3.0,0.0,40.5,491.3,131.4,72.0,4.0,28.0,8.1,0.0,0.0,9.5,22.2,
2025-11-24,Breakfast,418.0,17.0,3.0,1.5,12.0,0.0,6.0,507.0,789.0,46.6,3.0,18.4,21.8,12.0,12.0,44.0,12.0,
2025-11-24,Dinner,1043.6,58.4,22.4,1.8,8.2,0.5,107.7,1497.7,982.2,100.5,7.9,20.5,29.9,1.3,29.2,16.2,33.5,
2025-11-24,Lunch,869.2,22.3,9.1,0.1,0.0,0.0,0.0,2355.8,369.6,54.9,27.3,10.3,52.2,17.3,37.4,30.2,47.7,
2025-11-25,Breakfast,418.0,17.0,3.0,1.5,12.0,0.0,6.0,507.0,789.0,46.6,3.0,18.4,21.8,12.0,12.0,44.0,12.0,
2025-11-25,Dinner,632.9,11.4,2.4,1.2,8.9,0.0,46.0,961.7,1556.8,88.4,13.7,38.2,46.8,21.5,40.7,58.9,15.5,
2025-11-25,Lunch,888.0,35.5,19.3,0.0,0.0,0.0,113.0,2300.0,0.0,92.6,4.8,8.4,53.0,0.0,0.0,0.0,0.0,
2025-11-25,Snacks,305.7,10.5,6.0,0.7,2.9,0.0,47.5,17.3,94.7,48.2,1.3,23.0,5.4,19.8,1.7,3.3,2.6,
2025-11-26,Breakfast,418.0,17.0,3.0,1.5,12.0,0.0,6.0,507.0,789.0,46.6,3.0,18.4,21.8,12.0,12.0,44.0,12.0,
2025-11-26,Dinner,800.0,35.0,0.0,0.0,0.0,0.0,0.0,0.0,0.0,85.0,0.0,0.0,35.0,0.0,0.0,0.0,0.0,
2025-11-26,Lunch,943.0,43.1,8.8,4.1,3.4,0.0,115.0,999.9,552.6,76.4,6.7,10.8,59.6,0.0,71.3,14.8,56.1,
2025-11-26,Snacks,86.7,0.0,0.0,0.0,0.0,0.0,0.0,10.0,0.0,20.7,0.0,12.0,2.0,0.0,0.0,0.0,0.0,
2025-11-27,Breakfast,418.0,17.0,3.0,1.5,12.0,0.0,6.0,507.0,789.0,46.6,3.0,18.4,21.8,12.0,12.0,44.0,12.0,
2025-11-27,Dinner,1362.6,69.9,23.4,3.5,23.9,0.0,22.4,2195.1,2779.5,120.7,16.1,37.9,70.7,2147.6,71.7,20.1,31.7,
2025-11-27,Lunch,667.9,11.4,2.4,1.2,8.9,0.0,46.0,961.7,1556.8,88.4,13.7,38.2,55.8,21.5,140.7,58.9,15.5,
2025-11-27,Snacks,170.1,4.6,0.8,1.1,1.7,0.0,0.0,112.5,180.7,30.7,6.7,15.7,2.8,0.0,8.2,1.6,4.5,
2025-11-28,Breakfast,418.0,17.0,3.0,1.5,12.0,0.0,6.0,507.0,789.0,46.6,3.0,18.4,21.8,12.0,12.0,44.0,12.0,
2025-11-28,Dinner,1152.6,54.3,23.6,5.8,2.1,0.1,98.4,3133.7,14.4,125.9,9.1,22.6,49.7,69.0,0.0,38.8,78.4,
2025-11-28,Lunch,672.9,12.0,2.3,1.1,8.9,0.0,46.0,985.5,1604.4,88.4,15.6,39.8,57.5,18.0,130.4,61.0,23.0,
2025-11-28,Snacks,228.5,11.5,6.3,0.9,3.2,0.0,64.8,100.1,114.2,30.5,2.4,22.4,3.4,0.1,0.0,2.4,9.5,
2025-11-29,Breakfast,418.0,17.0,3.0,1.5,12.0,0.0,6.0,507.0,789.0,46.6,3.0,18.4,21.8,12.0,12.0,44.0,12.0,
2025-11-29,Dinner,299.9,9.5,1.3,1.1,8.9,0.0,0.0,668.5,430.4,42.8,10.6,7.4,10.7,6.0,18.4,6.0,13.0,
2025-11-29,Lunch,1055.9,44.3,22.0,0.0,0.0,0.1,92.6,2931.0,0.0,124.6,9.1,21.5,49.4,69.0,0.0,38.2,78.0,
2025-11-29,Snacks,645.5,13.8,7.4,1.2,3.3,0.0,109.8,352.7,1240.6,86.1,8.7,58.2,51.7,3.6,132.1,58.1,14.1,
2025-11-30,Breakfast,418.0,17.0,3.0,1.5,12.0,0.0,6.0,507.0,789.0,46.6,3.0,18.4,21.8,12.0,12.0,44.0,12.0,
2025-11-30,Dinner,759.7,35.1,13.9,0.5,2.2,0.5,72.9,930.1,1857.4,100.7,16.6,26.0,31.8,1032.5,70.0,29.8,44.2,
2025-11-30,Lunch,644.9,12.0,2.3,1.1,8.9,0.0,45.0,943.5,1500.4,78.8,15.6,31.4,59.7,6.0,118.4,63.0,23.0,
2025-11-30,Snacks,796.5,55.9,12.3,29.5,12.2,0.0,64.8,100.1,290.2,76.9,8.8,22.4,9.8,0.1,0.0,2.4,16.6,
2025-12-01,Breakfast,418.0,17.0,3.0,1.5,12.0,0.0,6.0,507.0,789.0,46.6,3.0,18.4,21.8,12.0,12.0,44.0,12.0,
2025-12-01,Dinner,665.0,37.0,11.3,6.0,3.0,0.0,112.5,1210.0,730.0,47.5,3.5,8.0,38.0,0.0,0.0,31.5,19.7,
2025-12-01,Lunch,1010.1,35.3,14.5,3.6,4.9,0.0,224.2,1092.4,775.6,90.0,4.6,3.3,76.3,10.0,0.0,36.8,27.4,
2025-12-01,Snacks,235.0,1.5,1.0,0.0,0.0,0.0,45.0,250.0,600.0,9.0,0.0,8.0,46.0,0.0,100.0,49.0,2.2,
2025-12-02,Breakfast,418.0,17.0,3.0,1.5,12.0,0.0,6.0,507.0,789.0,46.6,3.0,18.4,21.8,12.0,12.0,44.0,12.0,
2025-12-02,Dinner,806.7,32.9,8.0,0.9,4.0,1.0,75.5,669.6,1100.9,89.0,6.0,10.4,35.1,2.5,58.3,3.5,21.6,
2025-12-02,Lunch,1000.0,40.0,0.0,0.0,0.0,0.0,0.0,0.0,0.0,105.0,0.0,0.0,55.0,0.0,0.0,0.0,0.0,
2025-12-02,Snacks,221.5,10.0,4.9,0.7,1.5,0.2,31.0,245.1,298.2,12.5,0.7,5.9,20.2,0.0,3.3,25.6,1.3,
2025-12-03,Breakfast,418.0,17.0,3.0,1.5,12.0,0.0,6.0,507.0,789.0,46.6,3.0,18.4,21.8,12.0,12.0,44.0,12.0,
2025-12-03,Dinner,806.7,32.9,8.0,0.9,4.0,1.0,75.5,669.6,1100.9,89.0,6.0,10.4,35.1,2.5,58.3,3.5,21.6,
2025-12-03,Lunch,793.0,29.0,0.0,0.0,0.0,0.0,0.0,0.0,0.0,76.0,15.0,0.0,54.0,0.0,0.0,0.0,0.0,
2025-12-03,Snacks,328.5,12.0,6.3,0.9,3.2,0.0,64.8,100.1,234.2,54.5,8.4,37.4,3.9,0.1,0.0,2.4,11.2,
2025-12-04,Breakfast,418.0,17.0,3.0,1.5,12.0,0.0,6.0,507.0,789.0,46.6,3.0,18.4,21.8,12.0,12.0,44.0,12.0,
2025-12-04,Dinner,806.7,32.9,8.0,0.9,4.0,1.0,75.5,669.6,1100.9,89.0,6.0,10.4,35.1,2.5,58.3,3.5,21.6,
2025-12-04,Lunch,609.9,25.0,7.4,2.7,9.4,0.0,230.5,566.2,926.2,43.7,17.0,1.0,20.2,192.7,27.2,31.5,27.7,
2025-12-04,Snacks,468.5,15.0,8.3,0.9,3.2,0.0,84.8,205.1,516.2,62.5,8.9,44.4,23.9,0.1,0.0,21.9,11.2,
2025-12-05,Breakfast,418.0,17.0,3.0,1.5,12.0,0.0,6.0,507.0,789.0,46.6,3.0,18.4,21.8,12.0,12.0,44.0,12.0,
2025-12-05,Dinner,855.0,25.5,10.3,6.1,3.0,0.0,60.0,1170.0,447.0,103.5,14.3,26.0,54.9,0.0,8.0,50.0,30.3,
2025-12-05,Lunch,819.9,17.0,2.8,1.1,8.9,0.0,45.0,948.5,2034.4,89.8,19.6,33.4,80.7,6.0,218.4,74.0,34.1,
2025-12-05,Snacks,405.6,20.3,8.6,2.8,7.1,0.0,73.4,298.7,194.2,51.5,4.4,25.4,7.4,0.1,0.0,7.4,15.6,
2025-12-06,Breakfast,418.0,17.0,3.0,1.5,12.0,0.0,6.0,507.0,789.0,46.6,3.0,18.4,21.8,12.0,12.0,44.0,12.0,
2025-12-06,Dinner,1055.9,44.3,22.0,0.0,0.0,0.1,92.6,2931.0,0.0,124.6,9.1,21.5,49.4,69.0,0.0,38.2,78.0,
2025-12-06,Lunch,677.6,17.8,4.7,1.2,0.1,0.0,80.0,2290.4,2111.8,77.9,28.3,10.4,57.3,0.3,15.3,39.7,43.9,
2025-12-06,Snacks,268.5,14.0,8.1,0.9,3.2,0.0,74.8,155.1,141.2,31.0,2.4,24.4,5.9,0.1,0.0,3.4,9.5,
2025-12-07,Breakfast,345.0,2.5,1.0,0.0,0.0,0.0,45.0,275.0,1070.0,36.0,5.0,24.0,49.0,0.0,100.0,57.0,10.0,
2025-12-07,Dinner,1055.9,44.3,22.0,0.0,0.0,0.1,92.6,2931.0,0.0,124.6,9.1,21.5,49.4,69.0,0.0,38.2,78.0,
2025-12-07,Lunch,893.2,39.4,19.7,3.7,13.3,0.0,305.7,584.7,896.7,104.7,5.8,41.2,29.9,368.2,48.1,51.5,15.3,
2025-12-07,Snacks,537.9,18.9,9.5,1.2,3.2,0.0,104.8,777.7,924.2,58.0,10.0,32.0,37.7,0.2,3.8,31.9,20.5,
2025-12-08,Breakfast,406.0,17.0,3.0,1.5,12.0,0.0,6.0,489.0,765.0,38.2,3.0,11.2,26.6,0.0,0.0,53.6,12.0,
2025-12-08,Dinner,813.1,38.9,17.1,1.1,4.4,0.5,122.0,796.2,923.4,109.1,8.0,40.8,28.1,29.9,2.6,19.0,28.4,
2025-12-08,Lunch,760.0,22.0,9.0,0.0,0.0,0.0,0.0,1895.0,0.0,35.0,19.0,10.0,45.0,17.0,32.0,26.0,35.0,
2025-12-08,Snacks,656.7,17.6,3.8,2.2,7.4,0.0,20.0,788.6,796.5,86.4,8.0,36.3,40.4,0.5,94.9,46.6,40.5,
2025-12-09,Breakfast,406.0,17.0,3.0,1.5,12.0,0.0,6.0,489.0,765.0,38.2,3.0,11.2,26.6,0.0,0.0,53.6,12.0,
2025-12-09,Dinner,361.0,2.5,1.0,0.0,0.0,0.0,46.0,299.0,1150.0,37.2,5.0,25.2,51.6,0.0,100.0,64.6,10.0,
2025-12-09,Lunch,838.7,33.5,2.0,5.4,3.8,0.0,112.9,1220.5,825.1,88.5,7.7,19.2,48.5,120.2,37.1,14.3,19.3,
2025-12-09,Snacks,198.7,10.6,5.7,0.4,2.9,0.0,34.5,41.5,69.5,25.9,3.7,17.6,4.4,4.1,0.0,2.7,8.8,
2025-12-10,Breakfast,406.0,17.0,3.0,1.5,12.0,0.0,6.0,489.0,765.0,38.2,3.0,11.2,26.6,0.0,0.0,53.6,12.0,
2025-12-10,Dinner,595.0,30.5,10.3,5.5,2.5,0.0,90.0,1230.0,742.0,41.5,4.0,11.0,36.5,0.0,0.0,31.9,22.8,
2025-12-10,Lunch,738.7,34.6,16.7,0.4,2.9,0.0,139.5,2576.5,257.5,60.9,8.2,42.6,50.4,4.1,0.0,15.7,8.8,
2025-12-10,Snacks,671.8,15.4,5.8,2.3,4.2,0.0,38.3,540.9,858.2,103.1,15.6,55.1,37.5,28.1,128.2,45.1,38.7,
2025-12-11,Breakfast,406.0,17.0,3.0,1.5,12.0,0.0,6.0,489.0,765.0,38.2,3.0,11.2,26.6,0.0,0.0,53.6,12.0,
2025-12-11,Dinner,462.0,16.4,9.6,0.0,0.0,0.0,60.0,840.0,12.0,46.4,7.0,4.0,34.0,0.0,0.0,38.0,20.0,
2025-12-11,Lunch,953.7,55.6,13.7,1.4,2.9,0.0,122.0,1081.5,1458.5,71.4,10.7,49.1,48.9,4.1,0.0,18.5,28.2,
2025-12-11,Snacks,579.0,5.3,2.6,0.1,0.0,0.0,55.0,347.0,1074.0,85.6,10.3,64.8,55.5,10.0,117.3,69.7,11.3,
2025-12-12,Breakfast,406.0,17.0,3.0,1.5,12.0,0.0,6.0,489.0,765.0,38.2,3.0,11.2,26.6,0.0,0.0,53.6,12.0,
2025-12-12,Dinner,1055.9,44.3,22.0,0.0,0.0,0.1,92.6,2931.0,0.0,124.6,9.1,21.5,49.4,69.0,0.0,38.2,78.0,
2025-12-12,Lunch,923.6,33.4,15.6,2.5,4.9,0.0,169.1,2744.3,1825.1,99.7,7.0,29.4,55.8,4.1,0.0,36.0,27.8,
2025-12-12,Snacks,176.0,6.7,3.7,0.1,0.0,0.0,20.0,122.0,226.0,28.0,4.8,20.8,4.5,0.0,15.3,14.2,1.3,
2025-12-13,Breakfast,406.0,17.0,3.0,1.5,12.0,0.0,6.0,489.0,765.0,38.2,3.0,11.2,26.6,0.0,0.0,53.6,12.0,
2025-12-13,Dinner,554.9,13.5,3.8,1.1,8.9,0.0,50.0,923.5,630.4,57.8,10.6,21.4,51.7,16.0,120.4,47.0,15.2,
2025-12-13,Lunch,1055.9,44.3,22.0,0.0,0.0,0.1,92.6,2931.0,0.0,124.6,9.1,21.5,49.4,69.0,0.0,38.2,78.0,
2025-12-13,Snacks,384.0,14.3,3.1,7.1,4.0,0.0,0.0,422.0,274.0,59.6,6.8,20.8,6.5,0.0,15.3,61.2,3.1,
2025-12-14,Breakfast,406.0,17.0,3.0,1.5,12.0,0.0,6.0,489.0,765.0,38.2,3.0,11.2,26.6,0.0,0.0,53.6,12.0,
2025-12-14,Dinner,877.9,29.3,5.0,3.9,8.2,0.1,84.2,821.2,1204.3,111.2,7.4,13.0,38.8,8.6,72.9,6.7,20.4,
2025-12-14,Lunch,681.2,22.0,7.2,2.5,11.1,0.0,73.3,1068.8,857.4,97.3,24.4,37.1,32.0,7.8,91.5,19.0,22.7,
2025-12-14,Snacks,355.0,4.5,2.5,0.1,0.0,0.0,50.0,255.0,320.0,39.0,6.0,29.0,41.4,10.0,110.0,42.0,4.2,
2025-12-15,Breakfast,406.0,17.0,3.0,1.5,12.0,0.0,6.0,489.0,765.0,38.2,3.0,11.2,26.6,0.0,0.0,53.6,12.0,
2025-12-15,Dinner,877.9,29.3,5.0,3.9,8.2,0.1,84.2,821.2,1204.3,111.2,7.4,13.0,38.8,8.6,72.9,6.7,20.4,
2025-12-15,Lunch,760.0,22.0,9.0,0.0,0.0,0.0,0.0,1895.0,0.0,35.0,19.0,10.0,45.0,17.0,32.0,26.0,35.0,
2025-12-15,Snacks,458.7,10.3,5.8,0.6,2.9,0.0,39.5,64.6,609.8,73.9,9.5,54.6,14.8,4.1,8.0,15.4,6.9,
2025-12-16,Breakfast,406.0,17.0,3.0,1.5,12.0,0.0,6.0,489.0,765.0,38.2,3.0,11.2,26.6,0.0,0.0,53.6,12.0,
2025-12-16,Dinner,760.0,34.0,16.0,0.0,0.0,0.0,200.0,2380.0,0.0,64.0,6.0,8.0,44.0,0.0,0.0,40.0,40.0,
2025-12-16,Lunch,1067.3,53.4,9.5,6.0,5.1,0.0,115.0,1004.7,583.2,78.1,7.3,10.8,66.0,0.0,71.3,15.7,58.9,
2025-12-16,Snacks,364.0,3.4,2.0,0.2,0.1,0.0,20.0,106.8,386.8,40.6,3.7,33.4,21.0,0.0,23.8,20.3,2.2,
2025-12-17,Breakfast,406.0,17.0,3.0,1.5,12.0,0.0,6.0,489.0,765.0,38.2,3.0,11.2,26.6,0.0,0.0,53.6,12.0,
2025-12-17,Dinner,237.8,2.8,0.0,1.0,0.9,0.0,0.0,193.0,239.5,46.1,7.8,26.0,7.8,0.0,8.0,12.9,20.4,
2025-12-17,Lunch,938.0,47.0,10.0,0.0,17.0,0.0,118.0,2053.0,0.0,70.0,22.0,0.0,62.0,0.0,0.0,0.0,0.0,
2025-12-17,Snacks,798.6,29.6,10.3,8.8,6.6,0.4,78.6,877.5,587.0,104.6,7.4,42.7,32.9,4.2,21.8,32.5,27.8,
2025-12-18,Breakfast,406.0,17.0,3.0,1.5,12.0,0.0,6.0,489.0,765.0,38.2,3.0,11.2,26.6,0.0,0.0,53.6,12.0,
2025-12-18,Dinner,625.0,29.0,9.5,5.5,2.5,0.0,97.5,1065.0,770.5,50.5,4.0,17.0,35.0,0.0,0.0,29.3,22.8,
2025-12-18,Lunch,694.9,14.1,3.9,1.2,8.9,0.0,50.0,934.7,1141.8,92.4,15.5,41.1,53.6,19.6,224.0,54.1,17.1,
2025-12-18,Snacks,502.2,16.6,8.2,1.6,3.7,0.0,89.2,380.4,480.4,58.5,4.0,35.8,32.7,3.1,0.0,39.5,21.0,
2025-12-19,Breakfast,406.0,17.0,3.0,1.5,12.0,0.0,6.0,489.0,765.0,38.2,3.0,11.2,26.6,0.0,0.0,53.6,12.0,
2025-12-19,Dinner,1152.6,54.3,23.6,5.8,2.1,0.1,98.4,3133.7,14.4,125.9,9.1,22.6,49.7,69.0,0.0,38.8,78.4,
2025-12-19,Lunch,759.9,14.4,3.9,1.3,8.9,0.0,50.0,924.7,1172.8,108.8,19.7,50.8,53.4,19.5,138.7,53.9,17.5,
2025-12-20,Breakfast,406.0,17.0,3.0,1.5,12.0,0.0,6.0,489.0,765.0,38.2,3.0,11.2,26.6,0.0,0.0,53.6,12.0,
2025-12-20,Dinner,360.0,4.4,2.6,0.1,0.0,0.0,50.0,256.2,622.4,42.0,3.1,28.4,42.3,13.5,112.3,46.9,2.5,
2025-12-20,Lunch,1152.6,54.3,23.6,5.8,2.1,0.1,98.4,3133.7,14.4,125.9,9.1,22.6,49.7,69.0,0.0,38.8,78.4,
2025-12-20,Snacks,428.7,12.6,6.2,1.3,2.1,0.0,76.3,118.9,618.1,59.0,13.5,33.3,25.4,1.8,74.3,25.4,11.1,
2025-12-21,Breakfast,406.0,17.0,3.0,1.5,12.0,0.0,6.0,489.0,765.0,38.2,3.0,11.2,26.6,0.0,0.0,53.6,12.0,
2025-12-21,Dinner,986.4,43.7,14.0,3.1,8.0,0.0,141.6,2313.9,1074.2,79.6,8.0,20.6,60.1,3.2,0.0,45.5,48.0,
2025-12-21,Lunch,789.1,47.7,14.2,6.6,21.5,0.2,432.9,1315.7,1218.8,46.8,7.1,18.4,46.1,169.6,363.7,74.5,15.6,
2025-12-21,Snacks,200.0,5.5,2.0,0.1,0.0,0.0,1.3,75.0,120.0,37.5,6.0,24.0,0.7,0.0,8.0,1.0,4.0,
2025-12-22,Breakfast,406.0,17.0,3.0,1.5,12.0,0.0,6.0,489.0,765.0,38.2,3.0,11.2,26.6,0.0,0.0,53.6,12.0,
2025-12-22,Dinner,664.1,20.6,8.4,2.4,6.8,0.3,87.7,737.3,739.5,82.9,9.7,3.9,35.8,45.2,3.4,18.9,27.4,
2025-12-22,Lunch,957.4,21.5,5.1,1.8,12.1,0.0,62.0,1702.6,1735.1,115.4,17.8,42.3,80.8,9.6,261.2,73.6,28.7,
2025-12-22,Snacks,400.0,24.0,6.0,0.0,0.0,0.0,10.0,190.0,0.0,44.0,2.0,20.0,4.0,0.0,0.0,12.0,0.0,
2025-12-23,Breakfast,406.0,17.0,3.0,1.5,12.0,0.0,6.0,489.0,765.0,38.2,3.0,11.2,26.6,0.0,0.0,53.6,12.0,
2025-12-23,Dinner,877.9,29.3,5.0,3.9,8.2,0.1,84.2,821.2,1204.3,111.2,7.4,13.0,38.8,8.6,72.9,6.7,20.4,
2025-12-23,Lunch,629.7,12.2,5.1,0.1,0.0,0.0,47.5,415.4,1368.8,80.8,7.7,56.0,49.7,3.6,242.8,56.6,8.7,
2025-12-23,Snacks,589.0,49.9,9.5,25.7,13.3,0.0,19.3,122.1,146.7,38.7,5.3,0.0,5.3,0.0,0.0,0.0,5.9,
2025-12-24,Breakfast,406.0,17.0,3.0,1.5,12.0,0.0,6.0,489.0,765.0,38.2,3.0,11.2,26.6,0.0,0.0,53.6,12.0,
2025-12-24,Dinner,702.3,23.4,4.0,3.1,6.6,0.1,67.4,656.9,963.5,89.0,6.0,10.4,31.0,6.9,58.3,5.4,16.3,
2025-12-24,Lunch,1423.0,69.3,36.4,3.5,15.6,0.4,464.4,1795.5,1249.2,140.5,5.1,77.0,61.0,44.0,27.0,113.5,26.0,
2025-12-24,Snacks,200.0,5.5,2.0,0.1,0.0,0.0,1.3,75.0,120.0,37.5,6.0,24.0,0.7,0.0,8.0,1.0,4.0,
2025-12-25,Breakfast,1061.4,53.1,20.9,3.8,15.9,4.0,592.7,1882.6,914.8,107.0,3.5,55.2,42.4,24.2,93.5,44.7,34.4,
2025-12-25,Dinner,795.0,28.0,9.7,7.6,5.1,0.0,80.0,2095.0,337.1,93.6,11.6,21.0,41.6,0.0,58.0,76.1,20.6,
2025-12-25,Lunch,874.9,21.6,6.4,1.2,8.9,0.0,47.5,1079.7,1541.8,113.4,15.5,53.1,59.1,9.6,222.0,62.1,21.1,
2025-12-25,Snacks,601.9,0.0,0.0,0.0,0.0,0.0,0.0,110.3,3.3,150.3,0.0,104.5,3.3,0.0,0.0,0.3,0.0,
2025-12-26,Breakfast,406.0,17.0,3.0,1.5,12.0,0.0,6.0,489.0,765.0,38.2,3.0,11.2,26.6,0.0,0.0,53.6,12.0,
2025-12-26,Dinner,1152.6,54.3,23.6,5.8,2.1,0.1,98.4,3133.7,14.4,125.9,9.1,22.6,49.7,69.0,0.0,38.8,78.4,
2025-12-26,Lunch,674.9,11.6,2.4,1.2,8.9,0.0,45.0,929.7,1541.8,86.4,15.5,35.1,58.6,9.6,222.0,62.1,17.1,
2025-12-26,Snacks,838.7,10.0,4.0,0.0,0.0,0.0,2.5,166.0,0.0,60.1,0.0,37.2,3.7,0.0,0.0,0.0,4.0,
2025-12-27,Breakfast,406.0,17.0,3.0,1.5,12.0,0.0,6.0,489.0,765.0,38.2,3.0,11.2,26.6,0.0,0.0,53.6,12.0,
2025-12-27,Dinner,877.8,59.5,35.5,0.7,5.0,0.0,261.7,984.8,182.4,61.2,8.5,6.1,22.0,3.2,60.4,45.3,17.1,
2025-12-27,Lunch,1055.9,44.3,22.0,0.0,0.0,0.1,92.6,2931.0,0.0,124.6,9.1,21.5,49.4,69.0,0.0,38.2,78.0,
2025-12-27,Snacks,998.0,30.0,0.0,0.0,0.0,0.0,0.0,0.0,0.0,177.0,0.0,0.0,5.0,0.0,0.0,0.0,0.0,
2025-12-28,Breakfast,406.0,17.0,3.0,1.5,12.0,0.0,6.0,489.0,765.0,38.2,3.0,11.2,26.6,0.0,0.0,53.6,12.0,
2025-12-28,Dinner,550.9,11.0,2.3,1.1,8.9,0.0,46.0,942.5,1110.4,53.0,10.6,16.6,59.3,6.0,118.4,62.6,15.2,
2025-12-28,Lunch,877.8,59.5,35.5,0.7,5.0,0.0,261.7,984.8,182.4,61.2,8.5,6.1,22.0,3.2,60.4,45.3,17.1,
2025-12-28,Snacks,1003.1,22.1,7.9,6.9,5.3,0.0,22.9,898.5,269.7,183.8,9.6,71.0,21.2,0.0,8.0,56.4,22.3,
2025-12-29,Breakfast,406.0,17.0,3.0,1.5,12.0,0.0,6.0,489.0,765.0,38.2,3.0,11.2,26.6,0.0,0.0,53.6,12.0,
2025-12-29,Dinner,590.9,18.2,9.1,0.0,0.0,0.5,30.3,1166.7,378.8,78.8,4.5,18.2,28.8,0.0,0.0,37.9,29.5,
2025-12-29,Lunch,814.5,25.3,5.6,3.6,14.0,0.0,50.0,705.0,769.7,104.8,8.0,53.6,47.9,10.0,25.6,49.6,22.2,
2025-12-29,Snacks,1412.4,30.3,24.2,2.0,2.0,0.0,10.0,614.7,320.2,255.3,4.1,175.5,37.0,10.0,2.0,62.1,40.5,
2025-12-30,Breakfast,406.0,17.0,3.0,1.5,12.0,0.0,6.0,489.0,765.0,38.2,3.0,11.2,26.6,0.0,0.0,53.6,12.0,
2025-12-30,Dinner,928.4,42.3,0.1,0.1,0.1,0.0,0.0,1178.2,375.5,136.1,2.8,10.4,34.8,0.0,144.0,6.2,14.4,
2025-12-30,Lunch,631.9,13.9,3.8,1.3,9.0,0.0,50.0,924.9,734.4,77.4,13.8,34.8,52.7,16.0,142.2,47.8,17.3,
2025-12-31,Breakfast,406.0,17.0,3.0,1.5,12.0,0.0,6.0,489.0,765.0,38.2,3.0,11.2,26.6,0.0,0.0,53.6,12.0,
2025-12-31,Dinner,1143.5,73.3,24.5,3.3,6.3,2.1,101.2,1087.1,724.3,89.2,5.9,23.9,33.8,30.0,7.2,65.7,53.5,
2025-12-31,Lunch,584.5,34.1,8.1,1.0,0.0,0.0,98.3,1385.6,1206.0,25.5,5.7,8.5,42.5,0.0,0.0,21.6,14.1,
2025-12-31,Snacks,58.2,1.8,1.1,0.0,0.0,0.0,10.9,247.3,58.2,2.2,0.0,2.2,10.2,0.0,0.0,5.1,0.0,
2026-01-01,Breakfast,406.0,17.0,3.0,1.5,12.0,0.0,6.0,489.0,765.0,38.2,3.0,11.2,26.6,0.0,0.0,53.6,12.0,
2026-01-01,Dinner,935.0,57.0,0.0,0.0,0.0,0.0,0.0,0.0,0.0,69.0,0.0,0.0,38.0,0.0,0.0,0.0,0.0,
2026-01-01,Lunch,977.7,63.8,22.0,9.8,23.9,0.0,630.8,1025.4,958.2,70.0,4.1,21.6,30.8,8.0,0.0,40.4,16.6,
2026-01-01,Snacks,140.0,3.0,2.0,0.0,0.0,0.0,20.0,105.0,282.0,8.0,0.5,7.0,20.0,0.0,0.0,19.5,0.0,
2026-01-02,Breakfast,310.0,17.0,3.0,1.5,12.0,0.0,0.0,345.0,285.0,31.0,3.0,4.0,11.0,0.0,0.0,8.0,12.0,
2026-01-02,Dinner,1152.6,54.3,23.6,5.8,2.1,0.1,98.4,3133.7,14.4,125.9,9.1,22.6,49.7,69.0,0.0,38.8,78.4,
2026-01-02,Lunch,802.6,25.0,5.0,3.8,14.1,0.0,20.0,556.4,698.6,116.0,16.0,57.4,36.5,0.0,31.4,29.4,24.3,
2026-01-02,Snacks,365.0,5.0,2.5,0.0,0.0,0.0,50.0,280.0,670.0,42.0,5.0,30.0,44.0,10.0,102.0,49.0,10.0,
2026-01-03,Breakfast,430.0,20.0,4.8,1.5,12.0,0.0,12.0,495.0,285.0,45.4,3.0,18.4,20.6,12.0,2.4,44.0,12.0,
2026-01-03,Dinner,877.8,59.5,35.5,0.7,5.0,0.0,261.7,984.8,182.4,61.2,8.5,6.1,22.0,3.2,60.4,45.3,17.1,
2026-01-03,Lunch,1055.9,44.3,22.0,0.0,0.0,0.1,92.6,2931.0,0.0,124.6,9.1,21.5,49.4,69.0,0.0,38.2,78.0,
2026-01-03,Snacks,351.3,4.4,1.9,0.7,0.2,0.0,19.0,511.3,397.9,63.2,12.9,38.3,20.7,0.0,173.1,12.2,5.1,
2026-01-04,Breakfast,430.0,20.0,4.8,1.5,12.0,0.0,12.0,495.0,285.0,45.4,3.0,18.4,20.6,12.0,2.4,44.0,12.0,
2026-01-04,Dinner,806.7,32.9,8.0,0.9,4.0,1.0,75.5,669.6,1100.9,89.0,6.0,10.4,35.1,2.5,58.3,3.5,21.6,
2026-01-04,Lunch,769.8,20.4,9.5,2.0,2.0,0.0,120.0,1823.5,534.7,73.1,7.3,29.9,74.2,10.1,314.7,70.2,21.3,
2026-01-04,Snacks,276.4,3.9,2.0,0.3,0.1,0.0,19.0,432.9,411.4,49.5,7.8,37.1,19.1,0.0,35.5,10.8,3.2,
2026-01-05,Breakfast,430.0,20.0,4.8,1.5,12.0,0.0,12.0,495.0,285.0,45.4,3.0,18.4,20.6,12.0,2.4,44.0,12.0,
2026-01-05,Dinner,818.2,47.3,29.1,0.0,0.0,0.0,236.4,2327.3,170.9,58.2,3.6,3.6,41.8,0.0,0.0,45.5,3.6,
2026-01-05,Lunch,760.0,22.0,9.0,0.0,0.0,0.0,0.0,1895.0,0.0,35.0,19.0,10.0,45.0,17.0,32.0,26.0,35.0,
2026-01-05,Snacks,230.2,4.2,2.0,0.7,0.2,0.0,20.0,106.7,538.8,28.4,12.4,14.5,22.0,0.0,73.1,22.9,5.1,
2026-01-06,Breakfast,430.0,20.0,4.8,1.5,12.0,0.0,12.0,495.0,285.0,45.4,3.0,18.4,20.6,12.0,2.4,44.0,12.0,
2026-01-06,Dinner,806.7,32.9,8.0,0.9,4.0,1.0,75.5,669.6,1100.9,89.0,6.0,10.4,35.1,2.5,58.3,3.5,21.6,
2026-01-06,Lunch,739.0,41.0,5.0,0.0,0.0,0.0,0.0,0.0,0.0,60.0,5.0,0.0,36.0,0.0,0.0,0.0,0.0,
2026-01-06,Snacks,391.0,4.3,2.5,0.1,0.0,0.0,50.0,257.7,496.5,50.6,3.8,40.8,42.5,10.0,318.7,44.5,6.6,
2026-01-07,Breakfast,430.0,20.0,4.8,1.5,12.0,0.0,12.0,495.0,285.0,45.4,3.0,18.4,20.6,12.0,2.4,44.0,12.0,
2026-01-07,Dinner,680.0,32.8,7.8,5.5,2.5,0.0,80.0,1145.0,747.5,61.3,4.5,15.5,34.5,4.0,0.0,23.5,21.3,
2026-01-07,Lunch,1227.5,58.3,2.6,0.0,0.0,0.0,0.0,315.0,0.0,117.8,12.0,3.0,48.0,0.0,1.5,3.0,4.5,
2026-01-08,Breakfast,430.0,20.0,4.8,1.5,12.0,0.0,12.0,495.0,285.0,45.4,3.0,18.4,20.6,12.0,2.4,44.0,12.0,
2026-01-08,Dinner,804.8,15.8,2.6,0.1,0.0,0.0,50.0,274.7,787.1,100.1,6.4,38.3,71.5,13.6,285.0,49.1,5.4,
2026-01-08,Lunch,1200.0,63.5,26.5,0.0,0.0,0.0,137.0,2514.0,0.0,94.5,10.5,22.0,53.0,0.0,0.0,0.0,0.0,
2026-01-09,Breakfast,430.0,20.0,4.8,1.5,12.0,0.0,12.0,495.0,285.0,45.4,3.0,18.4,20.6,12.0,2.4,44.0,12.0,
2026-01-09,Dinner,1072.7,49.0,22.9,5.8,2.1,0.3,118.7,2647.9,14.4,111.1,6.1,10.9,57.3,41.0,4.0,34.6,26.4,
2026-01-09,Lunch,705.0,35.0,7.0,0.0,0.0,0.0,107.5,1730.0,1076.0,45.5,7.0,24.5,46.5,0.0,0.0,21.0,29.5,
2026-01-09,Snacks,211.3,3.4,2.0,0.2,0.1,0.0,20.0,106.3,378.3,26.1,3.5,19.5,20.9,0.0,20.2,20.3,1.9,
2026-01-10,Breakfast,430.0,20.0,4.8,1.5,12.0,0.0,12.0,495.0,285.0,45.4,3.0,18.4,20.6,12.0,2.4,44.0,12.0,
2026-01-10,Dinner,750.0,30.0,0.0,0.0,0.0,0.0,0.0,0.0,0.0,85.0,0.0,0.0,35.0,0.0,0.0,0.0,0.0,
2026-01-10,Lunch,976.0,39.0,21.3,0.0,0.0,0.3,112.9,2445.2,0.0,109.8,6.1,9.8,57.0,41.0,4.0,34.0,26.0,
2026-01-10,Snacks,100.0,0.5,0.0,0.1,0.0,0.0,0.0,0.0,120.0,24.0,6.0,15.0,0.4,0.0,8.0,1.0,2.0,
2026-01-11,Breakfast,430.0,20.0,4.8,1.5,12.0,0.0,12.0,495.0,285.0,45.4,3.0,18.4,20.6,12.0,2.4,44.0,12.0,
2026-01-11,Dinner,963.6,44.9,23.0,3.7,13.7,0.0,181.1,937.7,1006.0,110.4,11.7,58.5,32.1,39.3,62.6,30.4,26.5,
2026-01-11,Lunch,840.7,13.3,3.4,1.2,8.9,0.0,86.0,1092.2,1897.5,97.1,17.0,42.9,85.8,9.6,301.4,81.7,20.6,
2026-01-11,Snacks,80.0,0.0,0.0,0.0,0.0,0.0,0.0,0.0,440.0,14.0,4.0,16.0,2.0,0.0,0.0,0.0,0.0,
2026-01-12,Breakfast,406.0,17.0,3.0,1.5,12.0,0.0,6.0,489.0,765.0,38.2,3.0,11.2,26.6,0.0,0.0,53.6,12.0,
2026-01-12,Dinner,960.0,56.0,15.0,0.0,0.0,0.0,90.0,1800.0,480.0,78.0,8.0,30.0,40.0,0.0,0.0,82.0,31.1,
2026-01-12,Lunch,760.0,22.0,9.0,0.0,0.0,0.0,0.0,1895.0,0.0,35.0,19.0,10.0,45.0,17.0,32.0,26.0,35.0,
2026-01-12,Snacks,240.0,3.5,2.0,0.1,0.0,0.0,20.0,105.0,402.0,32.0,6.5,22.0,20.4,0.0,8.0,20.5,2.0,
2026-01-13,Breakfast,406.0,17.0,3.0,1.5,12.0,0.0,6.0,489.0,765.0,38.2,3.0,11.2,26.6,0.0,0.0,53.6,12.0,
2026-01-13,Dinner,700.0,32.0,8.0,11.5,5.0,0.0,85.0,805.0,984.0,55.0,5.0,23.0,43.0,4.0,0.0,31.0,25.6,
2026-01-13,Lunch,674.0,36.0,5.0,0.0,0.0,0.0,148.0,1945.0,0.0,55.0,9.0,10.0,34.0,0.0,0.0,0.0,0.0,
2026-01-13,Snacks,594.3,24.1,12.4,2.1,7.0,0.0,99.4,859.0,786.3,67.8,9.9,36.6,27.7,19.7,58.1,26.3,15.9,
2026-01-14,Breakfast,406.0,17.0,3.0,1.5,12.0,0.0,6.0,489.0,765.0,38.2,3.0,11.2,26.6,0.0,0.0,53.6,12.0,
2026-01-14,Dinner,749.5,24.8,8.2,5.7,6.4,0.0,49.3,2599.8,1690.3,98.1,20.9,26.3,35.4,0.5,12.6,47.4,42.8,
2026-01-14,Lunch,943.0,43.1,8.8,4.1,3.4,0.0,115.0,999.9,552.6,76.4,6.7,10.8,59.6,0.0,71.3,14.8,56.1,
2026-01-14,Snacks,310.2,4.2,2.0,0.7,0.2,0.0,20.0,106.7,978.8,42.4,16.4,30.5,24.0,0.0,73.1,22.9,5.1,
2026-01-15,Breakfast,406.0,17.0,3.0,1.5,12.0,0.0,6.0,489.0,765.0,38.2,3.0,11.2,26.6,0.0,0.0,53.6,12.0,
2026-01-15,Dinner,685.0,38.0,8.0,1.0,0.0,0.0,87.5,1670.0,1340.0,45.5,7.0,24.5,44.5,0.0,0.0,22.8,17.5,
2026-01-15,Lunch,704.7,11.8,2.4,1.2,8.9,0.0,45.0,938.2,1617.5,92.9,17.0,39.7,59.2,9.6,301.4,63.1,18.4,
2026-01-15,Snacks,820.8,28.1,14.8,2.2,8.1,0.0,94.6,152.6,585.5,144.3,13.0,88.8,8.3,19.7,76.3,7.2,20.1,
2026-01-16,Breakfast,406.0,17.0,3.0,1.5,12.0,0.0,6.0,489.0,765.0,38.2,3.0,11.2,26.6,0.0,0.0,53.6,12.0,
2026-01-16,Dinner,760.0,22.0,9.0,0.0,0.0,0.0,0.0,1895.0,0.0,35.0,19.0,10.0,45.0,17.0,32.0,26.0,35.0,
2026-01-16,Lunch,755.0,31.0,8.0,0.0,0.0,0.0,115.0,1380.0,0.0,78.0,5.0,9.0,40.0,0.0,0.0,0.0,0.0,
2026-01-16,Snacks,413.3,6.2,1.1,1.8,1.9,0.0,0.0,53.6,618.7,95.2,23.1,58.2,5.8,0.0,144.9,6.1,14.0,
2026-01-17,Breakfast,480.0,29.0,10.0,0.0,0.0,0.0,165.0,890.0,0.0,34.0,1.0,2.0,18.0,8.0,0.0,35.0,20.0,
2026-01-17,Dinner,451.3,25.5,5.7,11.0,7.6,0.0,33.8,976.0,389.8,37.0,5.3,7.5,18.5,0.0,22.5,16.4,12.9,
2026-01-17,Lunch,812.0,48.0,0.0,0.0,0.0,0.0,0.0,0.0,0.0,55.0,0.0,0.0,40.0,0.0,0.0,0.0,0.0,
2026-01-17,Snacks,688.3,20.0,11.8,0.0,0.0,0.8,66.3,436.9,390.0,89.8,4.8,68.9,41.3,22.5,0.0,87.5,36.3,
2026-01-18,Breakfast,525.0,19.5,4.5,1.5,2.5,0.0,39.0,1175.0,722.0,52.0,2.0,24.0,32.0,0.0,6.0,53.0,14.0,
2026-01-18,Dinner,948.0,50.2,12.0,0.0,0.0,0.0,81.0,2180.0,0.0,117.0,5.4,0.0,16.0,0.0,0.0,0.0,0.0,
2026-01-18,Lunch,1215.0,47.7,7.4,4.2,6.8,0.0,40.0,2567.6,279.6,143.3,12.5,5.7,43.2,41.0,51.5,34.8,44.2,
2026-01-18,Snacks,140.0,0.0,0.0,0.0,0.0,0.0,0.0,30.0,0.0,36.0,0.0,25.0,0.0,0.0,0.0,0.0,0.0,
2026-01-19,Breakfast,467.5,17.5,4.1,0.0,0.0,0.0,15.0,461.3,510.0,54.0,2.8,23.8,28.3,0.0,0.0,52.0,12.1,
2026-01-19,Dinner,849.0,39.7,9.0,0.0,0.0,0.0,98.0,1912.0,600.0,86.0,3.4,8.0,46.0,0.0,100.0,49.0,2.2,
2026-01-19,Lunch,820.0,35.0,7.0,17.0,8.5,0.2,65.0,1460.0,1110.0,95.0,8.0,11.0,33.0,6.0,23.0,6.0,26.0,
2026-01-19,Snacks,610.0,14.5,4.5,0.1,0.0,0.0,0.0,92.5,725.0,113.5,11.5,90.0,6.9,0.0,8.0,5.5,7.0,
2026-01-20,Breakfast,406.0,17.0,3.0,1.5,12.0,0.0,6.0,489.0,765.0,38.2,3.0,11.2,26.6,0.0,0.0,53.6,12.0,
2026-01-20,Dinner,1228.5,69.5,29.7,3.3,13.6,0.5,213.4,932.4,1753.5,132.1,13.6,51.9,40.8,39.3,9.0,33.3,56.7,
2026-01-20,Lunch,740.7,12.4,2.4,1.6,9.3,0.0,45.0,1004.8,1555.5,98.0,15.5,42.2,61.7,9.5,128.7,66.7,24.4,
2026-01-20,Snacks,80.0,0.0,0.0,0.0,0.0,0.0,0.0,35.0,0.0,19.0,0.0,9.0,0.0,0.0,0.0,0.0,0.0,
2026-01-21,Breakfast,406.0,17.0,3.0,1.5,12.0,0.0,6.0,489.0,765.0,38.2,3.0,11.2,26.6,0.0,0.0,53.6,12.0,
2026-01-21,Dinner,928.4,36.7,6.0,3.1,6.6,0.1,67.4,869.7,1282.7,111.6,10.0,26.4,35.0,6.9,58.3,13.4,23.7,
2026-01-21,Lunch,943.0,38.3,2.4,3.9,7.6,0.0,0.0,250.0,897.0,104.2,10.9,15.3,50.3,126.0,123.0,2.0,3.4,
2026-01-22,Breakfast,406.0,17.0,3.0,1.5,12.0,0.0,6.0,489.0,765.0,38.2,3.0,11.2,26.6,0.0,0.0,53.6,12.0,
2026-01-22,Dinner,680.0,30.0,14.0,0.0,0.0,0.0,130.0,2060.0,0.0,64.0,4.0,6.0,36.0,0.0,0.0,30.0,40.0,
2026-01-22,Lunch,702.3,23.4,4.0,3.1,6.6,0.1,67.4,656.9,963.5,89.0,6.0,10.4,31.0,6.9,58.3,5.4,16.3,
2026-01-22,Snacks,428.1,7.3,5.0,0.5,0.1,0.0,42.5,366.7,915.6,46.3,18.0,22.3,54.4,0.0,159.5,20.9,17.0,
2026-01-23,Breakfast,406.0,17.0,3.0,1.5,12.0,0.0,6.0,489.0,765.0,38.2,3.0,11.2,26.6,0.0,0.0,53.6,12.0,
2026-01-23,Dinner,1152.6,54.3,23.6,5.8,2.1,0.1,98.4,3133.7,14.4,125.9,9.1,22.6,49.7,69.0,0.0,38.8,78.4,
2026-01-23,Lunch,650.0,38.0,8.0,1.0,0.0,0.0,105.0,1495.0,1291.0,31.5,7.0,10.5,44.5,0.0,0.0,26.6,19.4,
2026-01-23,Snacks,167.9,2.0,0.0,0.2,0.1,0.0,0.0,0.0,97.2,22.9,2.7,11.3,13.5,0.2,15.3,1.4,2.1,
2026-01-24,Breakfast,406.0,17.0,3.0,1.5,12.0,0.0,6.0,489.0,765.0,38.2,3.0,11.2,26.6,0.0,0.0,53.6,12.0,
2026-01-24,Dinner,1050.0,50.0,0.0,0.0,0.0,0.0,0.0,0.0,0.0,90.0,0.0,0.0,60.0,0.0,0.0,0.0,0.0,
2026-01-24,Lunch,1038.2,55.2,11.0,18.6,8.9,0.4,196.9,1479.4,935.1,68.9,6.4,7.3,66.2,64.8,6.8,32.5,21.8,
2026-01-24,Snacks,100.0,0.5,0.0,0.1,0.0,0.0,0.0,0.0,120.0,24.0,6.0,15.0,0.4,0.0,8.0,1.0,2.0,
2026-01-25,Breakfast,406.0,17.0,3.0,1.5,12.0,0.0,6.0,489.0,765.0,38.2,3.0,11.2,26.6,0.0,0.0,53.6,12.0,
2026-01-25,Dinner,1408.0,59.8,30.1,0.0,0.0,0.2,152.6,4121.8,0.0,156.7,10.2,24.7,73.7,80.0,4.0,72.2,104.0,
2026-01-25,Lunch,1055.9,44.3,22.0,0.0,0.0,0.1,92.6,2931.0,0.0,124.6,9.1,21.5,49.4,69.0,0.0,38.2,78.0,
2026-01-26,Breakfast,406.0,17.0,3.0,1.5,12.0,0.0,6.0,489.0,765.0,38.2,3.0,11.2,26.6,0.0,0.0,53.6,12.0,
2026-01-26,Dinner,759.2,22.6,11.7,1.8,6.9,0.0,126.7,344.9,1312.2,95.0,5.9,57.9,48.2,33.2,124.8,51.6,13.9,
2026-01-26,Lunch,760.0,22.0,9.0,0.0,0.0,0.0,0.0,1895.0,0.0,35.0,19.0,10.0,45.0,17.0,32.0,26.0,35.0,
2026-01-26,Snacks,310.5,7.9,1.5,0.6,0.2,0.0,39.2,630.5,530.5,38.8,9.2,22.6,20.6,0.0,59.5,19.1,5.9,
2026-01-27,Breakfast,406.0,17.0,3.0,1.5,12.0,0.0,6.0,489.0,765.0,38.2,3.0,11.2,26.6,0.0,0.0,53.6,12.0,
2026-01-27,Dinner,766.7,43.4,13.3,4.5,2.5,0.0,88.8,1029.2,797.8,60.0,13.8,20.5,45.2,0.0,0.0,35.2,31.5,
2026-01-27,Lunch,762.8,36.1,5.0,0.1,0.0,0.0,148.0,2096.2,46.4,73.5,10.1,10.1,37.0,0.0,0.0,0.6,1.7,
2026-01-27,Snacks,240.0,3.5,2.0,0.1,0.0,0.0,20.0,105.0,402.0,32.0,6.5,22.0,20.4,0.0,8.0,20.5,2.0,
2026-01-28,Breakfast,406.0,17.0,3.0,1.5,12.0,0.0,6.0,489.0,765.0,38.2,3.0,11.2,26.6,0.0,0.0,53.6,12.0,
2026-01-28,Dinner,678.6,17.1,11.5,0.0,0.0,0.0,45.0,461.0,1096.0,82.1,21.6,47.1,62.5,10.2,399.4,52.8,21.1,
2026-01-28,Lunch,859.8,45.2,0.1,0.1,0.1,0.0,0.0,18.8,312.8,65.3,10.0,9.2,46.0,90.0,81.0,1.5,0.3,
2026-01-28,Snacks,366.8,8.9,3.8,0.3,0.1,0.0,14.5,589.6,382.6,51.9,5.6,35.5,17.8,0.4,26.1,14.3,3.6,
2026-01-29,Breakfast,406.0,17.0,3.0,1.5,12.0,0.0,6.0,489.0,765.0,38.2,3.0,11.2,26.6,0.0,0.0,53.6,12.0,
2026-01-29,Dinner,797.6,23.1,5.7,1.0,1.8,0.0,221.0,1154.3,1262.4,102.2,17.5,11.2,50.9,80.0,0.0,51.6,35.8,
2026-01-29,Lunch,735.0,32.0,3.5,0.1,0.0,0.0,90.0,1555.0,1150.5,66.0,16.5,36.0,43.4,0.0,8.0,19.9,33.4,
2026-01-29,Snacks,412.5,1.9,1.1,0.1,0.0,0.0,46.3,300.0,1197.4,55.8,4.1,38.9,46.1,16.0,122.8,54.9,3.3,
2026-01-30,Breakfast,406.0,17.0,3.0,1.5,12.0,0.0,6.0,489.0,765.0,38.2,3.0,11.2,26.6,0.0,0.0,53.6,12.0,
2026-01-30,Dinner,976.0,39.0,21.3,0.0,0.0,0.3,112.9,2445.2,0.0,109.8,6.1,9.8,57.0,41.0,4.0,34.0,26.0,
2026-01-30,Lunch,1045.6,50.7,17.2,6.6,18.8,0.0,290.6,1857.1,1124.0,60.7,7.1,7.9,80.8,31.2,48.5,46.5,38.6,
2026-01-30,Snacks,241.1,5.6,2.6,0.1,0.1,0.0,0.0,195.0,225.5,45.1,11.0,18.0,12.3,0.0,37.8,8.4,11.8,
2026-01-31,Breakfast,406.0,17.0,3.0,1.5,12.0,0.0,6.0,489.0,765.0,38.2,3.0,11.2,26.6,0.0,0.0,53.6,12.0,
2026-01-31,Dinner,650.0,38.0,8.0,1.0,0.0,0.0,105.0,1495.0,1291.0,31.5,7.0,10.5,44.5,0.0,0.0,26.6,19.4,
2026-01-31,Lunch,976.0,39.0,21.3,0.0,0.0,0.3,112.9,2445.2,0.0,109.8,6.1,9.8,57.0,41.0,4.0,34.0,26.0,
2026-01-31,Snacks,536.3,16.5,7.1,0.7,0.2,0.0,45.0,545.0,693.2,71.2,22.9,25.5,37.6,0.0,73.1,31.2,24.5,
2026-02-01,Breakfast,406.0,17.0,3.0,1.5,12.0,0.0,6.0,489.0,765.0,38.2,3.0,11.2,26.6,0.0,0.0,53.6,12.0,
2026-02-01,Dinner,716.6,12.2,2.3,1.8,5.3,0.0,193.2,799.1,1314.5,81.0,4.0,25.4,66.2,5.3,181.3,6.7,21.8,
2026-02-01,Lunch,1085.0,34.9,6.4,9.6,17.0,0.0,45.0,1046.2,1302.4,134.0,10.9,50.9,67.3,3.5,110.3,67.9,31.6,
2026-02-01,Snacks,181.4,2.6,1.2,0.5,0.1,0.0,12.0,531.3,492.2,23.5,9.0,13.1,16.8,0.0,59.5,16.9,5.9,
2026-02-02,Breakfast,406.0,17.0,3.0,1.5,12.0,0.0,6.0,489.0,765.0,38.2,3.0,11.2,26.6,0.0,0.0,53.6,12.0,
2026-02-02,Dinner,716.6,12.2,2.3,1.8,5.3,0.0,193.2,799.1,1314.5,81.0,4.0,25.4,66.2,5.3,181.3,6.7,21.8,
2026-02-02,Lunch,760.0,22.0,9.0,0.0,0.0,0.0,0.0,1895.0,0.0,35.0,19.0,10.0,45.0,17.0,32.0,26.0,35.0,
2026-02-02,Snacks,646.6,13.4,5.3,1.4,1.2,0.0,20.0,543.4,776.7,98.3,24.2,49.5,45.2,0.3,26.9,43.7,41.4,
2026-02-03,Breakfast,406.0,17.0,3.0,1.5,12.0,0.0,6.0,489.0,765.0,38.2,3.0,11.2,26.6,0.0,0.0,53.6,12.0,
2026-02-03,Dinner,1002.9,35.4,9.2,10.6,12.3,0.0,66.4,1080.6,1284.7,114.7,8.9,35.9,60.6,3.5,110.3,69.6,24.4,
2026-02-03,Lunch,674.0,36.0,5.0,0.0,0.0,0.0,148.0,1945.0,0.0,55.0,9.0,10.0,34.0,0.0,0.0,0.0,0.0,
2026-02-03,Snacks,345.7,8.7,4.6,0.2,0.1,0.0,20.0,263.3,486.8,43.2,13.4,20.9,32.6,0.3,18.9,26.5,13.7,
2026-02-04,Breakfast,406.0,17.0,3.0,1.5,12.0,0.0,6.0,489.0,765.0,38.2,3.0,11.2,26.6,0.0,0.0,53.6,12.0,
2026-02-04,Dinner,679.9,11.4,2.4,1.2,8.9,0.0,45.0,919.7,1502.8,88.3,14.7,37.3,58.5,9.5,128.7,61.4,16.3,
2026-02-04,Lunch,943.0,43.1,8.8,4.1,3.4,0.0,115.0,999.9,552.6,76.4,6.7,10.8,59.6,0.0,71.3,14.8,56.1,
2026-02-04,Snacks,282.0,8.1,2.6,3.1,1.0,0.0,1.0,230.0,210.0,50.8,9.6,22.8,2.8,0.0,10.0,3.0,8.0,
2026-02-05,Breakfast,406.0,17.0,3.0,1.5,12.0,0.0,6.0,489.0,765.0,38.2,3.0,11.2,26.6,0.0,0.0,53.6,12.0,
2026-02-05,Dinner,877.8,59.5,35.5,0.7,5.0,0.0,261.7,984.8,182.4,61.2,8.5,6.1,22.0,3.2,60.4,45.3,17.1,
2026-02-05,Lunch,879.9,24.2,4.8,7.6,12.1,0.0,45.0,1287.7,1500.8,106.0,14.5,29.8,62.8,9.5,128.7,65.7,24.4,
2026-02-06,Breakfast,406.0,17.0,3.0,1.5,12.0,0.0,6.0,489.0,765.0,38.2,3.0,11.2,26.6,0.0,0.0,53.6,12.0,
2026-02-06,Dinner,1056.0,44.4,22.0,0.0,0.0,0.1,92.7,2931.0,0.0,124.7,9.1,21.5,49.3,69.0,0.0,38.2,78.0,
2026-02-06,Lunch,905.4,32.4,14.1,0.1,0.1,0.0,240.0,2201.6,2205.3,74.5,4.6,10.1,76.3,0.0,0.0,1.6,10.5,
2026-02-06,Snacks,170.0,0.0,0.0,0.0,0.0,0.0,0.0,15.0,220.0,37.0,2.0,27.0,3.0,0.0,0.0,0.0,0.0,
2026-02-07,Breakfast,406.0,17.0,3.0,1.5,12.0,0.0,6.0,489.0,765.0,38.2,3.0,11.2,26.6,0.0,0.0,53.6,12.0,
2026-02-07,Dinner,1056.0,44.4,22.0,0.0,0.0,0.1,92.7,2931.0,0.0,124.7,9.1,21.5,49.3,69.0,0.0,38.2,78.0,
2026-02-07,Lunch,902.0,35.9,17.5,3.1,9.2,0.0,496.5,579.9,388.4,107.1,4.1,52.0,35.5,44.5,67.3,15.0,23.1,
2026-02-07,Snacks,116.1,5.3,2.6,0.0,0.0,0.0,0.0,158.3,84.4,14.8,9.5,0.0,11.6,0.0,0.0,5.3,11.1,
2026-02-08,Breakfast,406.0,17.0,3.0,1.5,12.0,0.0,6.0,489.0,765.0,38.2,3.0,11.2,26.6,0.0,0.0,53.6,12.0,
2026-02-08,Dinner,877.8,59.5,35.5,0.7,5.0,0.0,261.7,984.8,182.4,61.2,8.5,6.1,22.0,3.2,60.4,45.3,17.1,
2026-02-08,Lunch,679.9,11.4,2.4,1.2,8.9,0.0,45.0,919.7,1502.8,88.3,14.7,37.3,58.5,9.5,128.7,61.4,16.3,
2026-02-08,Snacks,298.2,2.9,1.5,0.0,0.0,0.0,15.3,713.6,503.4,45.4,4.6,31.3,21.0,0.2,238.9,18.4,4.0,
2026-02-09,Breakfast,406.0,17.0,3.0,1.5,12.0,0.0,6.0,489.0,765.0,38.2,3.0,11.2,26.6,0.0,0.0,53.6,12.0,
2026-02-09,Dinner,704.3,39.2,7.3,4.5,2.5,0.0,68.8,961.5,745.3,58.5,4.9,21.4,29.2,0.0,5.5,13.8,20.8,
2026-02-09,Lunch,760.0,22.0,9.0,0.0,0.0,0.0,0.0,1895.0,0.0,35.0,19.0,10.0,45.0,17.0,32.0,26.0,35.0,
2026-02-09,Snacks,460.1,4.3,2.0,0.6,0.1,0.0,20.0,169.1,666.1,86.2,16.6,61.5,24.2,0.0,65.1,25.2,9.6,
2026-02-10,Breakfast,406.0,17.0,3.0,1.5,12.0,0.0,6.0,489.0,765.0,38.2,3.0,11.2,26.6,0.0,0.0,53.6,12.0,
2026-02-10,Dinner,817.4,40.1,2.0,5.1,2.8,0.1,14.2,706.8,188.3,81.5,2.8,0.1,29.6,0.0,0.0,4.8,14.8,
2026-02-10,Lunch,674.0,36.0,5.0,0.0,0.0,0.0,148.0,1945.0,0.0,55.0,9.0,10.0,34.0,0.0,0.0,0.0,0.0,
2026-02-10,Snacks,440.4,1.7,0.7,0.2,0.0,0.0,11.2,411.1,686.6,83.1,7.9,65.4,21.7,26.3,38.9,21.7,5.6,
2026-02-11,Breakfast,406.0,18.5,3.0,2.5,13.0,0.0,6.0,459.0,745.0,34.2,4.0,13.2,26.6,0.0,0.0,50.1,10.1,
2026-02-11,Dinner,679.9,11.4,2.4,1.2,8.9,0.0,45.0,919.7,1502.8,88.3,14.7,37.3,58.5,9.5,128.7,61.4,16.3,
2026-02-11,Lunch,1022.7,53.3,13.5,12.2,23.6,0.0,220.1,1589.1,1004.1,76.4,4.0,10.4,55.0,10.5,16.4,37.6,24.6,
2026-02-11,Snacks,137.5,0.5,0.0,0.1,0.0,0.0,0.0,16.9,120.0,33.4,6.0,22.9,0.8,0.0,8.0,1.0,2.0,
2026-02-12,Breakfast,406.0,17.0,3.0,1.5,12.0,0.0,6.0,489.0,765.0,38.2,3.0,11.2,26.6,0.0,0.0,53.6,12.0,
2026-02-12,Dinner,806.7,32.9,8.0,0.9,4.0,1.0,75.5,669.6,1100.9,89.0,6.0,10.4,35.1,2.5,58.3,3.5,21.6,
2026-02-12,Lunch,1096.0,39.8,9.6,0.1,0.0,0.0,175.0,1827.2,2201.8,86.7,13.0,47.4,89.8,3.6,259.6,74.6,37.0,
2026-02-12,Snacks,175.0,5.0,1.3,0.1,0.0,0.0,0.0,105.0,120.0,31.5,6.5,15.5,0.9,0.0,11.0,1.0,2.0,
2026-02-13,Breakfast,406.0,17.0,3.0,1.5,12.0,0.0,6.0,489.0,765.0,38.2,3.0,11.2,26.6,0.0,0.0,53.6,12.0,
2026-02-13,Dinner,1152.6,54.3,23.6,5.8,2.1,0.1,98.4,3133.7,14.4,125.9,9.1,22.6,49.7,69.0,0.0,38.8,78.4,
2026-02-13,Lunch,629.8,9.8,1.9,0.1,0.0,0.0,45.0,539.7,1307.1,72.6,15.4,32.3,65.0,3.6,283.0,78.1,33.7,
2026-02-13,Snacks,411.8,5.5,1.5,0.0,0.0,0.0,0.0,126.7,131.0,87.6,1.9,62.8,1.2,0.0,63.8,2.2,0.6,
2026-02-14,Breakfast,406.0,17.0,3.0,1.5,12.0,0.0,6.0,489.0,765.0,38.2,3.0,11.2,26.6,0.0,0.0,53.6,12.0,
2026-02-14,Dinner,854.7,43.3,1.6,2.7,6.1,0.0,143.7,736.9,985.4,52.8,3.3,0.9,60.3,0.0,2.0,2.0,2.0,
2026-02-14,Lunch,976.0,39.0,21.3,0.0,0.0,0.3,112.9,2445.2,0.0,109.8,6.1,9.8,57.0,41.0,4.0,34.0,26.0,
2026-02-14,Snacks,543.8,4.3,1.6,0.1,0.0,0.0,7.5,440.7,255.4,113.3,6.3,84.6,9.7,0.0,9.8,8.5,2.0,
2026-02-15,Breakfast,406.0,17.0,3.0,1.5,12.0,0.0,6.0,489.0,765.0,38.2,3.0,11.2,26.6,0.0,0.0,53.6,12.0,
2026-02-15,Dinner,860.0,22.9,4.1,3.6,14.0,0.0,45.0,701.2,1257.4,108.5,10.1,50.9,62.8,3.5,110.3,63.4,23.3,
2026-02-15,Lunch,846.5,33.6,8.4,0.9,4.0,1.0,79.9,864.3,1180.5,91.7,6.0,12.2,40.4,2.5,58.3,7.9,21.6,
2026-02-15,Snacks,406.8,6.8,0.6,0.1,0.0,0.0,0.0,225.0,220.0,71.8,13.5,38.0,14.2,0.0,8.0,18.5,25.6,
2026-02-16,Breakfast,406.0,17.0,3.0,1.5,12.0,0.0,6.0,489.0,765.0,38.2,3.0,11.2,26.6,0.0,0.0,53.6,12.0,
2026-02-16,Dinner,885.0,38.0,8.0,0.0,0.0,0.0,30.0,932.5,2557.0,105.5,45.0,14.5,45.5,0.0,0.0,46.0,60.9,
2026-02-16,Lunch,760.0,22.0,9.0,0.0,0.0,0.0,0.0,1895.0,0.0,35.0,19.0,10.0,45.0,17.0,32.0,26.0,35.0,
2026-02-16,Snacks,371.8,1.9,1.3,0.0,0.0,0.0,12.8,564.6,671.0,64.5,4.0,55.1,17.4,0.0,0.0,12.8,0.0,
2026-02-17,Breakfast,406.0,17.0,3.0,1.5,12.0,0.0,6.0,489.0,765.0,38.2,3.0,11.2,26.6,0.0,0.0,53.6,12.0,
2026-02-17,Dinner,819.0,39.9,12.8,0.1,0.0,0.0,92.7,1530.1,572.6,79.8,5.5,32.0,42.2,0.0,8.5,79.2,29.4,
2026-02-17,Lunch,732.9,36.3,5.1,0.1,0.0,0.0,148.0,1991.5,243.3,67.6,10.2,22.2,35.3,24.0,28.2,1.4,3.3,
2026-02-17,Snacks,285.7,2.4,1.3,0.1,0.0,0.0,12.6,552.9,346.2,49.1,6.0,34.0,15.5,0.0,8.0,13.6,2.0,
2026-02-18,Breakfast,406.0,17.0,3.0,1.5,12.0,0.0,6.0,489.0,765.0,38.2,3.0,11.2,26.6,0.0,0.0,53.6,12.0,
2026-02-18,Dinner,615.0,34.5,6.3,1.0,0.0,0.0,70.0,1565.0,1480.0,42.0,7.0,24.5,41.0,0.0,0.0,15.8,11.7,
2026-02-18,Lunch,990.0,45.4,169.8,0.0,0.0,0.0,110.4,2574.5,0.0,102.1,7.1,13.6,49.7,0.0,0.0,0.0,0.0,
2026-02-18,Snacks,327.2,3.8,2.0,0.5,0.1,0.0,20.0,106.7,557.6,52.0,9.5,37.3,22.4,0.0,59.5,24.4,5.9,
2026-02-19,Breakfast,406.0,17.0,3.0,1.5,12.0,0.0,6.0,489.0,765.0,38.2,3.0,11.2,26.6,0.0,0.0,53.6,12.0,
2026-02-19,Dinner,976.2,63.0,37.3,0.7,5.0,0.0,302.3,1409.3,381.7,64.6,9.4,9.9,36.7,2.5,60.4,49.5,22.4,
2026-02-19,Lunch,881.0,31.8,6.1,0.1,0.0,0.0,105.0,2316.0,180.0,114.0,16.0,47.5,43.5,0.0,12.0,1.5,3.0,
2026-02-20,Breakfast,406.0,17.0,3.0,1.5,12.0,0.0,6.0,489.0,765.0,38.2,3.0,11.2,26.6,0.0,0.0,53.6,12.0,
2026-02-20,Dinner,1152.6,54.3,23.6,5.8,2.1,0.1,98.4,3133.7,14.4,125.9,9.1,22.6,49.7,69.0,0.0,38.8,78.4,
2026-02-20,Lunch,709.8,11.8,2.0,0.1,0.0,0.0,45.0,612.1,1401.8,83.7,19.0,36.2,69.5,3.7,352.0,84.1,41.7,
2026-02-20,Snacks,51.0,3.1,0.9,0.0,0.0,0.0,0.0,71.4,0.0,5.1,0.3,0.3,0.3,0.0,2.0,0.0,0.0,
2026-02-21,Breakfast,406.0,17.0,3.0,1.5,12.0,0.0,6.0,489.0,765.0,38.2,3.0,11.2,26.6,0.0,0.0,53.6,12.0,
2026-02-21,Dinner,1055.9,44.3,22.0,0.0,0.0,0.1,92.6,2931.0,0.0,124.6,9.1,21.5,49.4,69.0,0.0,38.2,78.0,
2026-02-21,Lunch,700.4,5.5,2.7,0.4,0.1,0.0,60.0,939.0,1704.3,95.5,12.8,63.1,68.6,4.1,380.4,75.5,10.4,
2026-02-21,Snacks,395.4,10.1,1.9,0.0,0.0,0.0,0.0,314.0,89.9,62.1,7.2,26.6,12.7,0.0,3.0,15.7,21.5,
2026-02-22,Breakfast,406.0,17.0,3.0,1.5,12.0,0.0,6.0,489.0,765.0,38.2,3.0,11.2,26.6,0.0,0.0,53.6,12.0,
2026-02-22,Dinner,612.2,29.6,5.0,1.0,0.0,0.0,70.0,905.6,1278.4,45.2,8.0,31.9,42.0,0.0,0.0,17.8,14.8,
2026-02-22,Lunch,958.6,56.7,33.6,0.7,4.5,0.0,272.1,1268.4,593.5,79.1,15.4,22.9,34.1,4.3,184.3,50.5,22.1,
2026-02-22,Snacks,632.1,4.8,2.1,0.6,0.0,0.0,20.0,348.2,513.5,122.4,10.5,69.2,24.5,0.0,12.0,25.1,13.1,
2026-02-23,Breakfast,406.0,17.0,3.0,1.5,12.0,0.0,6.0,489.0,765.0,38.2,3.0,11.2,26.6,0.0,0.0,53.6,12.0,
2026-02-23,Dinner,818.3,45.2,14.3,5.1,4.9,0.0,119.7,1352.8,812.4,69.9,5.1,31.7,36.0,8.7,0.0,35.2,24.1,
2026-02-23,Lunch,760.0,22.0,9.0,0.0,0.0,0.0,0.0,1895.0,0.0,35.0,19.0,10.0,45.0,17.0,32.0,26.0,35.0,
2026-02-23,Snacks,353.7,7.0,3.8,0.7,0.2,0.0,21.8,113.7,538.8,51.8,13.1,33.6,22.7,0.0,73.1,24.3,7.2,
2026-02-24,Breakfast,406.0,17.0,3.0,1.5,12.0,0.0,6.0,489.0,765.0,38.2,3.0,11.2,26.6,0.0,0.0,53.6,12.0,
2026-02-24,Dinner,877.9,29.3,5.0,3.9,8.2,0.1,84.2,821.2,1204.3,111.2,7.4,13.0,38.8,8.6,72.9,6.7,20.4,
2026-02-24,Lunch,957.2,43.2,8.8,4.1,3.4,0.0,115.0,1282.4,673.5,79.4,7.3,12.1,60.0,8.5,82.9,15.3,56.9,
2026-02-24,Snacks,348.5,6.2,2.8,0.4,1.4,0.0,12.9,80.7,475.0,65.7,6.2,57.7,5.3,117.9,103.8,2.5,3.7,
2026-02-25,Breakfast,406.0,17.0,3.0,1.5,12.0,0.0,6.0,489.0,765.0,38.2,3.0,11.2,26.6,0.0,0.0,53.6,12.0,
2026-02-25,Dinner,877.9,29.3,5.0,3.9,8.2,0.1,84.2,821.2,1204.3,111.2,7.4,13.0,38.8,8.6,72.9,6.7,20.4,
2026-02-25,Lunch,674.0,36.0,5.0,0.0,0.0,0.0,148.0,1945.0,0.0,55.0,9.0,10.0,34.0,0.0,0.0,0.0,0.0,
2026-02-25,Snacks,306.1,3.2,1.5,0.5,0.1,0.0,15.0,663.7,562.4,49.0,9.5,32.8,20.6,0.0,63.0,20.2,6.2,
2026-02-26,Breakfast,406.0,17.0,3.0,1.5,12.0,0.0,6.0,489.0,765.0,38.2,3.0,11.2,26.6,0.0,0.0,53.6,12.0,
2026-02-26,Dinner,716.6,12.2,2.3,1.8,5.3,0.0,193.2,799.1,1314.5,81.0,4.0,25.4,66.2,5.3,181.3,6.7,21.8,
2026-02-26,Lunch,730.5,12.0,2.4,1.2,8.9,0.0,45.0,945.6,1683.3,98.6,18.4,43.6,59.7,9.7,370.4,64.0,19.5,
2026-02-26,Snacks,389.2,4.3,2.1,0.3,1.0,0.0,13.0,64.3,202.4,85.9,9.6,59.8,1.6,6.5,12.0,2.1,5.2,
2026-02-27,Breakfast,406.0,17.0,3.0,1.5,12.0,0.0,6.0,489.0,765.0,38.2,3.0,11.2,26.6,0.0,0.0,53.6,12.0,
2026-02-27,Dinner,1072.7,49.0,22.9,5.8,2.1,0.3,118.7,2647.9,14.4,111.1,6.1,10.9,57.3,41.0,4.0,34.6,26.4,
2026-02-27,Lunch,721.8,16.0,4.7,1.9,5.6,0.0,167.4,692.8,1086.6,86.1,3.7,36.5,54.5,6.4,145.0,6.2,19.4,
2026-02-27,Snacks,284.0,8.4,2.4,2.9,1.5,0.0,0.0,244.7,58.3,49.2,0.9,18.2,2.7,0.0,0.0,3.8,5.8,
2026-02-28,Breakfast,406.0,17.0,3.0,1.5,12.0,0.0,6.0,489.0,765.0,38.2,3.0,11.2,26.6,0.0,0.0,53.6,12.0,
2026-02-28,Dinner,1072.7,49.0,22.9,5.8,2.1,0.3,118.7,2647.9,14.4,111.1,6.1,10.9,57.3,41.0,4.0,34.6,26.4,
2026-02-28,Lunch,612.2,29.6,5.0,1.0,0.0,0.0,70.0,905.6,1278.4,45.2,8.0,31.9,42.0,0.0,0.0,17.8,14.8,
2026-02-28,Snacks,768.3,39.4,18.7,1.1,2.8,0.0,82.9,646.2,301.2,97.6,7.1,38.2,10.7,6.4,5.2,7.6,22.9,
2026-03-01,Breakfast,406.0,17.0,3.0,1.5,12.0,0.0,6.0,489.0,765.0,38.2,3.0,11.2,26.6,0.0,0.0,53.6,12.0,
2026-03-01,Dinner,1133.7,54.1,27.9,5.1,10.3,0.5,183.3,729.6,842.7,102.6,7.2,10.1,55.5,34.4,15.6,65.0,53.8,
2026-03-01,Lunch,730.1,12.6,2.4,1.9,9.1,0.0,45.0,921.4,1709.6,99.2,25.6,37.3,60.0,9.5,201.8,64.3,20.6,
2026-03-01,Snacks,192.9,1.5,0.0,0.6,0.6,0.0,0.0,124.9,77.3,39.5,1.2,27.1,4.8,0.0,0.0,7.7,11.9,
2026-03-02,Breakfast,406.0,17.0,3.0,1.5,12.0,0.0,6.0,489.0,765.0,38.2,3.0,11.2,26.6,0.0,0.0,53.6,12.0,
2026-03-02,Dinner,976.2,63.0,37.3,0.7,5.0,0.0,302.3,1409.3,381.7,64.6,9.4,9.9,36.7,2.5,60.4,49.5,22.4,
2026-03-02,Lunch,760.0,22.0,9.0,0.0,0.0,0.0,0.0,1895.0,0.0,35.0,19.0,10.0,45.0,17.0,32.0,26.0,35.0,
2026-03-02,Snacks,124.4,0.0,0.0,0.0,0.0,0.0,0.0,0.0,0.0,30.2,0.0,24.0,0.0,0.0,0.0,0.0,0.0,
2026-03-03,Breakfast,406.0,17.0,3.0,1.5,12.0,0.0,6.0,489.0,765.0,38.2,3.0,11.2,26.6,0.0,0.0,53.6,12.0,
2026-03-03,Dinner,950.4,24.0,9.1,2.3,5.0,0.0,100.9,1599.1,868.7,143.5,12.8,18.9,40.4,0.9,68.0,6.3,108.0,
2026-03-03,Lunch,738.6,36.3,5.1,0.1,0.0,0.0,148.0,1996.0,267.1,68.9,10.4,23.4,35.4,26.3,30.9,1.5,3.6,
2026-03-03,Snacks,243.7,3.0,2.0,0.0,0.0,0.0,20.0,105.0,282.0,33.2,0.5,27.0,20.0,0.0,0.0,19.5,0.0,
2026-03-04,Breakfast,406.0,17.0,3.0,1.5,12.0,0.0,6.0,489.0,765.0,38.2,3.0,11.2,26.6,0.0,0.0,53.6,12.0,
2026-03-04,Dinner,781.0,50.4,29.8,0.6,4.0,0.0,241.9,1127.4,305.4,51.7,7.5,7.9,29.4,2.0,48.3,39.6,17.9,
2026-03-04,Lunch,695.0,24.0,10.0,0.0,0.0,0.0,135.0,1650.0,880.0,64.0,11.0,5.0,56.0,22.0,20.0,22.0,27.0,
2026-03-04,Snacks,318.6,3.9,2.1,0.1,0.0,0.0,20.0,105.0,496.3,50.9,11.2,33.8,20.6,0.0,14.3,21.3,3.6,
2026-03-05,Breakfast,674.8,36.4,11.1,6.5,12.9,1.2,582.7,744.6,919.6,42.9,2.1,23.5,44.3,76.1,51.0,23.3,17.2,
2026-03-05,Dinner,989.2,39.8,15.6,5.9,11.1,0.4,279.2,1807.0,895.2,94.7,12.8,21.9,62.4,5.8,0.1,7.0,16.9,
2026-03-05,Lunch,698.0,32.1,7.3,12.2,10.0,0.1,80.9,993.3,909.2,71.9,7.7,32.0,30.9,63.5,133.0,15.5,21.5,
2026-03-06,Dinner,672.5,38.3,6.6,17.5,11.8,0.0,101.8,1795.7,1143.9,42.2,4.5,4.6,40.2,22.4,26.3,8.5,10.9,
2026-03-06,Lunch,898.8,39.3,8.7,13.6,12.9,0.1,95.1,1351.5,981.0,100.6,9.1,32.0,35.2,63.5,133.0,21.2,31.8,
2026-03-06,Snacks,610.0,17.0,6.0,0.0,0.0,0.0,20.0,500.0,990.0,85.0,4.0,40.0,33.0,25.0,0.0,52.0,15.6,
2026-03-07,Breakfast,270.0,5.0,2.5,0.0,0.0,0.0,20.0,260.0,980.0,32.0,7.0,20.0,26.5,25.0,0.0,50.0,1.7,
2026-03-07,Dinner,836.1,34.8,13.3,5.3,8.9,0.0,299.4,1641.9,1246.9,48.7,9.0,3.2,79.1,7.9,24.1,54.3,27.2,
2026-03-07,Lunch,1150.2,53.2,16.2,13.2,13.7,0.5,178.0,3022.7,866.9,109.5,8.4,34.3,57.0,61.7,63.7,59.3,18.6,
2026-03-08,Breakfast,270.0,5.0,2.5,0.0,0.0,0.0,20.0,260.0,980.0,32.0,7.0,20.0,26.5,25.0,0.0,50.0,1.7,
2026-03-08,Dinner,1055.9,44.3,22.0,0.0,0.0,0.1,92.6,2931.0,0.0,124.6,9.1,21.5,49.4,69.0,0.0,38.2,78.0,
2026-03-08,Lunch,867.4,42.6,9.3,15.4,13.7,0.0,88.8,2819.2,779.6,74.4,4.2,5.1,47.1,0.0,76.6,4.3,11.2,
2026-03-08,Snacks,613.3,13.8,5.0,0.0,0.0,0.0,0.0,25.0,120.0,120.3,7.7,92.3,5.5,0.0,0.0,0.0,1.7,
2026-03-09,Breakfast,406.0,17.0,3.0,1.5,12.0,0.0,6.0,489.0,765.0,38.2,3.0,11.2,26.6,0.0,0.0,53.6,12.0,
2026-03-09,Dinner,650.0,38.0,8.0,1.0,0.0,0.0,105.0,1495.0,1291.0,31.5,7.0,10.5,44.5,0.0,0.0,26.6,19.4,
2026-03-09,Lunch,739.0,41.0,5.0,0.0,0.0,0.0,0.0,0.0,0.0,60.0,5.0,0.0,36.0,0.0,0.0,0.0,0.0,
2026-03-09,Snacks,474.0,6.2,1.1,0.2,0.0,0.0,45.0,258.7,1108.4,59.1,6.0,39.4,49.5,3.7,123.8,56.1,4.4,
2026-03-10,Breakfast,406.0,17.0,3.0,1.5,12.0,0.0,6.0,489.0,765.0,38.2,3.0,11.2,26.6,0.0,0.0,53.6,12.0,
2026-03-10,Dinner,743.9,32.5,15.4,0.0,0.0,0.0,66.1,2303.8,0.0,85.7,6.6,18.2,33.1,54.0,0.0,38.2,78.0,
2026-03-10,Lunch,760.0,22.0,9.0,0.0,0.0,0.0,0.0,1895.0,0.0,35.0,19.0,10.0,45.0,17.0,32.0,26.0,35.0,
2026-03-10,Snacks,367.4,7.8,2.1,0.8,0.3,0.0,20.0,137.9,955.8,55.5,14.2,37.6,24.5,120.0,181.1,24.9,5.5,
2026-03-11,Breakfast,406.0,17.0,3.0,1.5,12.0,0.0,6.0,489.0,765.0,38.2,3.0,11.2,26.6,0.0,0.0,53.6,12.0,
2026-03-11,Dinner,563.4,18.4,6.7,2.2,3.1,0.0,76.5,1980.4,845.7,66.6,10.0,21.0,33.7,0.0,0.0,27.6,17.6,
2026-03-11,Lunch,820.0,45.0,0.0,0.0,0.0,0.0,0.0,0.0,0.0,55.0,9.0,0.0,45.0,0.0,0.0,0.0,0.0,
2026-03-11,Snacks,513.9,1.9,1.1,0.1,0.0,0.0,45.0,251.2,1068.9,77.9,4.0,55.8,47.8,3.5,110.2,55.3,3.3,
2026-03-12,Breakfast,406.0,17.0,3.0,1.5,12.0,0.0,6.0,489.0,765.0,38.2,3.0,11.2,26.6,0.0,0.0,53.6,12.0,
2026-03-12,Dinner,1115.0,59.0,0.0,0.0,0.0,0.0,0.0,50.0,0.0,106.0,3.0,14.0,41.0,0.0,0.0,4.0,2.0,
2026-03-12,Lunch,788.5,20.2,2.5,0.1,0.0,0.0,45.0,656.9,1277.7,91.6,24.1,36.8,78.1,3.5,110.2,93.2,41.1,
2026-03-12,Snacks,456.4,7.8,0.0,0.0,0.0,0.0,0.0,13.7,120.0,95.0,6.9,71.8,3.2,0.0,0.0,0.0,1.7,
2026-03-13,Breakfast,406.0,17.0,3.0,1.5,12.0,0.0,6.0,489.0,765.0,38.2,3.0,11.2,26.6,0.0,0.0,53.6,12.0,
2026-03-13,Dinner,1072.7,49.0,22.9,5.8,2.1,0.3,118.7,2647.9,14.4,111.1,6.1,10.9,57.3,41.0,4.0,34.6,26.4,
2026-03-13,Lunch,823.3,22.3,4.9,2.7,4.8,0.0,61.1,605.5,1108.9,103.0,5.8,59.5,56.3,3.5,110.2,57.3,13.3,
2026-03-13,Snacks,202.2,0.0,0.0,0.0,0.0,0.0,0.0,0.0,0.0,49.1,0.0,39.0,0.0,0.0,0.0,0.0,0.0,
2026-03-14,Breakfast,406.0,17.0,3.0,1.5,12.0,0.0,6.0,489.0,765.0,38.2,3.0,11.2,26.6,0.0,0.0,53.6,12.0,
2026-03-14,Dinner,976.0,39.0,21.3,0.0,0.0,0.3,112.9,2445.2,0.0,109.8,6.1,9.8,57.0,41.0,4.0,34.0,26.0,
2026-03-14,Lunch,730.9,37.5,9.9,13.3,8.1,0.0,80.0,2342.9,756.2,62.6,4.5,5.7,36.4,0.0,0.0,30.1,22.5,
2026-03-14,Snacks,703.2,22.4,7.6,1.2,3.1,0.0,52.2,806.3,657.2,100.0,14.0,65.4,28.8,4.1,73.1,22.5,10.0,
2026-03-15,Breakfast,596.0,19.0,4.5,1.5,12.0,0.0,11.0,909.0,665.0,72.2,4.0,17.2,35.6,0.0,0.0,45.6,4.0,
2026-03-15,Dinner,680.0,44.0,26.0,0.0,0.0,0.0,0.0,0.0,0.0,54.0,0.0,0.0,24.0,0.0,0.0,0.0,0.0,
2026-03-15,Lunch,816.0,27.9,5.8,8.6,3.1,0.0,104.6,1978.2,2572.3,85.9,27.3,24.1,64.1,11.4,200.2,30.5,35.0,
2026-03-15,Snacks,260.6,9.8,5.8,0.5,2.9,0.0,34.5,9.6,81.8,40.5,1.0,27.6,2.4,4.1,0.0,1.4,4.9,
2026-03-16,Breakfast,406.0,17.0,3.0,1.5,12.0,0.0,6.0,489.0,765.0,38.2,3.0,11.2,26.6,0.0,0.0,53.6,12.0,
2026-03-16,Dinner,863.1,38.4,13.8,8.6,11.4,0.0,124.5,1329.2,757.6,90.4,7.2,29.5,37.9,4.1,0.0,27.0,24.5,
2026-03-16,Lunch,745.5,21.1,3.6,2.1,2.0,0.0,45.0,700.3,970.6,83.3,10.7,33.3,60.9,0.3,244.2,60.9,22.0,
2026-03-16,Snacks,260.2,4.2,2.0,0.7,0.2,0.0,20.0,266.7,588.8,36.4,12.4,21.5,22.0,0.0,73.1,22.9,5.1,
2026-03-17,Breakfast,406.0,17.0,3.0,1.5,12.0,0.0,6.0,489.0,765.0,38.2,3.0,11.2,26.6,0.0,0.0,53.6,12.0,
2026-03-17,Dinner,722.6,41.3,25.8,0.0,0.0,0.0,154.8,1393.5,0.0,54.2,2.6,5.2,33.5,0.0,0.0,0.0,0.0,
2026-03-17,Lunch,739.0,41.0,5.0,0.0,0.0,0.0,0.0,0.0,0.0,60.0,5.0,0.0,36.0,0.0,0.0,0.0,0.0,
2026-03-17,Snacks,262.9,4.7,2.4,0.4,0.8,0.0,20.0,163.5,541.6,32.8,1.8,28.3,21.7,0.0,0.0,19.6,1.0,
2026-03-18,Breakfast,406.0,17.0,3.0,1.5,12.0,0.0,6.0,489.0,765.0,38.2,3.0,11.2,26.6,0.0,0.0,53.6,12.0,
2026-03-18,Dinner,722.6,41.3,25.8,0.0,0.0,0.0,154.8,1393.5,0.0,54.2,2.6,5.2,33.5,0.0,0.0,0.0,0.0,
2026-03-18,Lunch,800.2,34.8,24.6,4.3,3.9,0.1,107.9,1296.1,1335.3,82.2,7.2,20.8,43.0,123.1,20.9,12.8,46.6,
2026-03-18,Snacks,464.0,1.8,1.0,0.0,0.0,0.0,45.0,264.0,774.6,63.2,3.5,50.0,47.4,0.1,230.7,51.2,5.2,
2026-03-19,Breakfast,406.0,17.0,3.0,1.5,12.0,0.0,6.0,489.0,765.0,38.2,3.0,11.2,26.6,0.0,0.0,53.6,12.0,
2026-03-19,Dinner,685.0,38.0,8.0,1.0,0.0,0.0,87.5,1670.0,1340.0,45.5,7.0,24.5,44.5,0.0,0.0,22.8,17.5,
2026-03-19,Lunch,939.7,40.8,11.8,0.5,2.9,0.0,139.5,2325.6,81.8,105.9,8.0,42.6,45.4,4.1,0.0,1.4,4.9,
2026-03-19,Snacks,180.8,2.3,0.3,0.9,1.0,0.0,0.0,40.7,10.6,38.6,0.2,28.6,0.5,0.0,0.0,0.3,1.4,
2026-03-20,Breakfast,426.0,17.0,3.0,1.5,12.0,0.0,6.0,489.0,765.0,42.2,6.0,11.2,26.6,0.0,0.0,53.6,18.0,
2026-03-20,Dinner,1152.6,54.3,23.6,5.8,2.1,0.1,98.4,3133.7,14.4,125.9,9.1,22.6,49.7,69.0,0.0,38.8,78.4,
2026-03-20,Lunch,777.7,22.6,5.1,5.7,2.7,0.0,16.8,1261.3,823.5,108.0,29.4,37.0,40.3,0.0,84.5,43.4,38.0,
2026-03-20,Snacks,243.7,4.3,0.8,0.8,2.5,0.0,0.0,35.9,48.9,50.0,0.3,32.4,1.3,0.0,0.0,0.4,2.9,
2026-03-21,Breakfast,426.0,17.0,3.0,1.5,12.0,0.0,6.0,489.0,765.0,42.2,6.0,11.2,26.6,0.0,0.0,53.6,18.0,
2026-03-21,Dinner,1055.9,44.3,22.0,0.0,0.0,0.1,92.6,2931.0,0.0,124.6,9.1,21.5,49.4,69.0,0.0,38.2,78.0,
2026-03-21,Lunch,800.0,42.0,0.0,0.0,0.0,0.0,0.0,0.0,0.0,55.0,8.0,0.0,39.0,0.0,0.0,0.0,0.0,
2026-03-22,Breakfast,426.0,17.0,3.0,1.5,12.0,0.0,6.0,489.0,765.0,42.2,6.0,11.2,26.6,0.0,0.0,53.6,18.0,
2026-03-22,Dinner,836.7,32.9,8.0,0.9,4.0,1.0,75.5,829.6,1150.9,97.0,6.0,17.4,35.1,2.5,58.3,3.5,21.6,
2026-03-22,Lunch,886.9,22.8,4.8,5.7,2.8,0.0,45.0,855.6,1283.3,108.2,16.2,41.5,68.3,3.6,278.2,81.4,39.0,
2026-03-22,Snacks,239.0,3.8,2.0,0.5,0.1,0.0,20.0,106.7,557.6,30.6,9.5,20.3,22.4,0.0,59.5,24.4,5.9,
2026-03-23,Breakfast,426.0,17.0,3.0,1.5,12.0,0.0,6.0,489.0,765.0,42.2,6.0,11.2,26.6,0.0,0.0,53.6,18.0,
2026-03-23,Dinner,906.7,32.9,8.0,0.9,4.0,1.0,80.5,789.6,1500.9,99.0,9.0,16.4,48.1,2.5,58.3,41.5,27.6,
2026-03-23,Lunch,739.0,41.0,5.0,0.0,0.0,0.0,0.0,0.0,0.0,60.0,5.0,0.0,36.0,0.0,0.0,0.0,0.0,
2026-03-23,Snacks,230.2,4.2,2.0,0.7,0.2,0.0,20.0,106.7,538.8,28.4,12.4,14.5,22.0,0.0,73.1,22.9,5.1,
2026-03-24,Breakfast,406.0,17.0,3.0,1.5,12.0,0.0,6.0,489.0,765.0,38.2,3.0,11.2,26.6,0.0,0.0,53.6,12.0,
2026-03-24,Dinner,778.0,23.1,5.8,0.2,0.2,0.0,125.0,1790.0,70.0,83.8,6.3,2.6,49.1,0.0,0.0,9.5,38.0,
2026-03-24,Lunch,977.6,47.2,7.0,1.3,7.2,0.0,10.0,968.7,628.0,87.5,12.3,5.8,53.5,82.9,17.5,5.2,26.5,
2026-03-24,Snacks,308.5,2.3,1.4,0.1,0.0,0.0,13.3,635.1,506.0,52.1,1.4,42.7,17.3,26.3,30.9,14.8,3.6,
2026-03-25,Breakfast,406.0,17.0,3.0,1.5,12.0,0.0,6.0,489.0,765.0,38.2,3.0,11.2,26.6,0.0,0.0,53.6,12.0,
2026-03-25,Dinner,444.5,22.0,3.3,2.5,7.0,0.0,0.0,296.7,233.3,48.7,12.0,21.2,20.3,0.0,0.0,19.3,24.4,
2026-03-25,Lunch,943.0,43.1,8.8,4.1,3.4,0.0,115.0,999.9,552.6,76.4,6.7,10.8,59.6,0.0,71.3,14.8,56.1,
2026-03-25,Snacks,617.6,7.2,1.1,0.1,0.0,0.0,45.0,261.2,1068.9,91.8,4.7,67.1,49.8,3.5,110.2,55.3,3.3,
2026-03-26,Breakfast,406.0,17.0,3.0,1.5,12.0,0.0,6.0,489.0,765.0,38.2,3.0,11.2,26.6,0.0,0.0,53.6,12.0,
2026-03-26,Dinner,692.5,37.5,11.5,5.5,2.5,0.0,98.8,1345.0,810.0,50.8,4.5,17.3,37.3,0.0,0.0,33.5,23.3,
2026-03-26,Lunch,826.7,32.9,8.0,0.9,4.0,1.0,75.5,669.6,1100.9,93.0,9.0,10.4,35.1,2.5,58.3,3.5,27.6,
2026-03-26,Snacks,416.2,9.0,3.0,0.1,0.0,0.0,20.0,256.1,489.0,56.5,14.4,29.3,29.4,0.0,11.4,32.5,17.7,
2026-03-27,Breakfast,406.0,17.0,3.0,1.5,12.0,0.0,6.0,489.0,765.0,38.2,3.0,11.2,26.6,0.0,0.0,53.6,12.0,
2026-03-27,Dinner,1152.6,54.3,23.6,5.8,2.1,0.1,98.4,3133.7,14.4,125.9,9.1,22.6,49.7,69.0,0.0,38.8,78.4,
2026-03-27,Lunch,574.1,8.9,2.3,0.1,0.0,0.0,45.0,449.5,1115.6,67.9,14.0,31.0,59.5,3.5,110.2,70.5,28.7,
2026-03-27,Snacks,211.7,6.7,1.8,0.9,2.5,0.0,11.4,527.3,269.8,21.5,0.7,15.0,16.2,0.0,0.0,12.1,0.8,
2026-03-28,Breakfast,406.0,17.0,3.0,1.5,12.0,0.0,6.0,489.0,765.0,38.2,3.0,11.2,26.6,0.0,0.0,53.6,12.0,
2026-03-28,Dinner,769.6,14.0,9.6,0.8,0.2,0.0,55.6,924.9,1572.7,98.1,32.7,41.5,83.0,3.5,183.3,78.6,24.9,
2026-03-28,Lunch,1055.9,44.3,22.0,0.0,0.0,0.1,92.6,2931.0,0.0,124.6,9.1,21.5,49.4,69.0,0.0,38.2,78.0,
2026-03-28,Snacks,217.7,5.3,0.0,0.0,0.0,0.0,0.0,10.0,0.0,41.5,0.7,33.3,2.0,0.0,0.0,0.0,0.0,
2026-03-29,Breakfast,406.0,17.0,3.0,1.5,12.0,0.0,6.0,489.0,765.0,38.2,3.0,11.2,26.6,0.0,0.0,53.6,12.0,
2026-03-29,Dinner,716.7,35.6,10.3,2.9,9.5,0.0,265.3,879.3,589.1,36.7,0.0,1.2,64.3,2.1,0.0,19.9,8.7,
2026-03-29,Lunch,954.9,68.4,19.8,12.6,27.5,0.1,660.2,1624.9,1613.3,53.6,8.1,3.0,35.1,4.0,9.7,27.8,22.4,
2026-03-29,Snacks,533.4,22.8,13.2,1.2,6.6,0.0,96.1,97.3,448.8,70.3,2.8,52.2,12.3,6.9,0.1,23.5,21.3,
2026-03-30,Breakfast,406.0,17.0,3.0,1.5,12.0,0.0,6.0,489.0,765.0,38.2,3.0,11.2,26.6,0.0,0.0,53.6,12.0,
2026-03-30,Dinner,742.5,52.2,14.2,1.5,1.6,0.0,115.0,1231.7,1296.3,32.3,14.2,6.3,53.7,0.0,0.0,26.3,26.5,
2026-03-30,Lunch,760.0,22.0,9.0,0.0,0.0,0.0,0.0,1895.0,0.0,35.0,19.0,10.0,45.0,17.0,32.0,26.0,35.0,
2026-03-30,Snacks,526.2,14.1,7.9,1.1,3.4,0.0,59.4,573.3,626.2,80.1,10.4,55.9,20.4,3.4,59.5,19.8,16.6,
2026-03-31,Breakfast,406.0,17.0,3.0,1.5,12.0,0.0,6.0,489.0,765.0,38.2,3.0,11.2,26.6,0.0,0.0,53.6,12.0,
2026-03-31,Dinner,1205.0,65.0,0.0,0.0,0.0,0.0,0.0,0.0,0.0,100.0,0.0,0.0,55.0,0.0,0.0,0.0,0.0,
2026-03-31,Lunch,739.0,41.0,5.0,0.0,0.0,0.0,0.0,0.0,0.0,60.0,5.0,0.0,36.0,0.0,0.0,0.0,0.0,
2026-04-01,Breakfast,406.0,17.0,3.0,1.5,12.0,0.0,6.0,489.0,765.0,38.2,3.0,11.2,26.6,0.0,0.0,53.6,12.0,
2026-04-01,Dinner,816.9,21.1,13.9,0.7,3.3,0.0,91.8,441.0,1240.0,104.6,22.4,54.4,67.8,6.9,110.2,65.4,33.8,
2026-04-01,Lunch,817.9,28.4,12.4,0.1,0.1,0.0,210.0,1926.6,1936.6,70.8,4.1,8.9,67.3,0.0,0.0,1.6,10.5,
2026-04-01,Snacks,384.3,9.5,1.5,0.9,6.0,0.0,0.0,272.5,321.1,68.8,8.4,30.6,7.9,0.0,8.6,9.1,12.1,
2026-04-02,Breakfast,406.0,17.0,3.0,1.5,12.0,0.0,6.0,489.0,765.0,38.2,3.0,11.2,26.6,0.0,0.0,53.6,12.0,
2026-04-02,Dinner,976.2,63.0,37.3,0.7,5.0,0.0,302.3,1409.3,381.7,64.6,9.4,9.9,36.7,2.5,60.4,49.5,22.4,
2026-04-02,Lunch,716.9,22.5,11.5,1.3,6.6,0.0,49.0,1117.5,1345.1,105.1,30.6,38.8,34.4,15.8,41.1,24.3,49.2,
2026-04-02,Snacks,491.0,2.0,1.0,0.1,0.0,0.0,45.0,250.0,778.6,70.6,7.4,52.6,46.9,0.0,108.6,50.6,5.1,
2026-04-03,Breakfast,406.0,17.0,3.0,1.5,12.0,0.0,6.0,489.0,765.0,38.2,3.0,11.2,26.6,0.0,0.0,53.6,12.0,
2026-04-03,Dinner,1152.6,54.3,23.6,5.8,2.1,0.1,98.4,3133.7,14.4,125.9,9.1,22.6,49.7,69.0,0.0,38.8,78.4,
2026-04-03,Lunch,708.3,21.3,9.6,1.5,7.7,0.0,64.4,1013.6,1356.2,106.3,25.1,46.9,24.4,17.0,41.2,20.0,49.8,
2026-04-03,Snacks,268.1,5.0,4.0,0.0,0.0,0.0,0.0,130.0,30.0,51.4,9.0,33.0,11.0,0.0,0.0,5.0,8.9,
2026-04-04,Breakfast,406.0,17.0,3.0,1.5,12.0,0.0,6.0,489.0,765.0,38.2,3.0,11.2,26.6,0.0,0.0,53.6,12.0,
2026-04-04,Dinner,1055.9,44.3,22.0,0.0,0.0,0.1,92.6,2931.0,0.0,124.6,9.1,21.5,49.4,69.0,0.0,38.2,78.0,
2026-04-04,Lunch,836.0,34.5,10.5,13.0,8.2,0.1,78.9,1084.7,506.1,96.1,5.5,30.3,29.8,0.4,5.8,11.8,20.0,
2026-04-04,Snacks,531.4,20.2,8.8,0.9,4.5,0.0,87.2,30.6,165.5,81.5,2.1,59.3,5.1,4.6,0.1,3.0,14.2,
2026-04-05,Breakfast,406.0,17.0,3.0,1.5,12.0,0.0,6.0,489.0,765.0,38.2,3.0,11.2,26.6,0.0,0.0,53.6,12.0,
2026-04-05,Lunch,698.2,8.0,1.9,0.7,3.3,0.0,47.2,1256.8,2000.9,89.7,24.4,39.3,68.2,12.5,309.1,68.7,35.4,
